OBJECTID,time,icao24,lat,lon,velocity,heading,vertrate,callsign,onground,alert,spi,squawk,baroaltitu,geoaltitud,lastposupd,lastcontac
1,1590364810,a198e5,39.353851318359375,-85.572987432065190,245.514862003595425,342.438279072753573,-0.325120000000000,EJM16   ,False,False,False,2212,9144.000000000000000,9532.620000000000800,1590364809.730999946594238,1590364809.888000011444092
2,1590364820,a198e5,39.375698283567267,-85.581909179687500,249.258603093187872,342.462561773637105,0.000000000000000,EJM16   ,False,False,False,2212,9144.000000000000000,9532.620000000000800,1590364819.858000040054321,1590364819.993000030517578
3,1590364830,a198e5,39.395965576171875,-85.590123715608001,252.511838598664951,342.450997770932247,0.325120000000000,EJM16   ,False,False,False,2212,9144.000000000000000,9532.620000000000800,1590364829.196000099182129,1590364829.976999998092651
4,1590364840,a198e5,39.419265747070312,-85.599617336107315,254.628993535463195,342.480241378793551,0.000000000000000,EJM16   ,False,False,False,2212,9151.620000000000800,9540.240000000001601,1590364839.934999942779541,1590364839.973999977111816
5,1590364850,a198e5,39.440551757812500,-85.608275040336252,257.236918443377704,342.543441866333126,0.000000000000000,EJM16   ,False,False,False,2212,9144.000000000000000,9532.620000000000800,1590364849.654999971389771,1590364849.891999959945679
6,1590364860,a198e5,39.462478637695312,-85.617171577785314,259.354278018435707,342.571398009731411,-0.325120000000000,EJM16   ,False,False,False,1420,9144.000000000000000,9532.620000000000800,1590364859.548000097274780,1590364859.914999961853027
7,1590364870,a198e5,39.484771728515625,-85.626247240149439,259.999407220382352,342.497190623893687,-0.325120000000000,EJM16   ,False,False,False,6503,9144.000000000000000,9532.620000000000800,1590364869.630000114440918,1590364869.990999937057495
8,1590364880,a198e5,39.507064819335938,-85.635322902513565,259.508826965658841,342.463030615679827,-0.325120000000000,EJM16   ,False,False,False,6503,9144.000000000000000,9532.620000000000800,1590364879.605000019073486,1590364879.960000038146973
9,1590364890,a198e5,39.529449462890625,-85.644398564877690,258.527944766423900,342.394321730094362,-0.325120000000000,EJM16   ,False,False,False,1420,9144.000000000000000,9532.620000000000800,1590364889.779000043869019,1590364889.934000015258789
10,1590364900,a198e5,39.552337646484375,-85.653772768766999,257.882213253337341,342.468695164590940,0.325120000000000,EJM16   ,False,False,False,1420,9144.000000000000000,9532.620000000000800,1590364899.890000104904175,1590364899.982000112533569
11,1590364910,a198e5,39.574401855468750,-85.662788722826065,257.391710533993091,342.434199868761311,0.000000000000000,EJM16   ,False,False,False,1420,9144.000000000000000,9532.620000000000800,1590364909.855999946594238,1590364909.881000041961670
12,1590364920,a198e5,39.595843816207626,-85.672241210937500,256.077904357145258,339.417011081714634,-0.325120000000000,EJM16   ,False,False,False,1420,9144.000000000000000,9532.620000000000800,1590364919.857000112533569,1590364919.984999895095825
13,1590364930,a198e5,39.616745770987819,-85.684326171875000,253.766939523322776,333.123279479020255,0.000000000000000,EJM16   ,False,False,False,1420,9144.000000000000000,9532.620000000000800,1590364929.832000017166138,1590364929.950999975204468
14,1590364940,a198e5,39.636437367584747,-85.698974609375000,252.164160695688565,327.412261925020573,-5.527040000000000,EJM16   ,False,False,False,1420,9128.760000000000218,9509.760000000000218,1590364939.875000000000000,1590364939.957999944686890
15,1590364950,a198e5,39.654918605998411,-85.715881347656250,251.002810610217580,321.908729155931155,-10.728960000000001,EJM16   ,False,False,False,1420,9044.940000000000509,9425.940000000000509,1590364949.733999967575073,1590364949.976999998092651
16,1590364960,a198e5,39.671817068326270,-85.734985351562500,248.884583220929159,316.340007780899725,-10.403840000000001,EJM16   ,False,False,False,1420,8938.260000000000218,9319.260000000000218,1590364959.854000091552734,1590364959.970999956130981
17,1590364970,a198e5,39.687286376953125,-85.755097762398066,247.770351570829064,313.906380797868110,-10.728960000000001,EJM16   ,False,False,False,1420,8839.200000000000728,9212.579999999999927,1590364969.476999998092651,1590364969.915999889373779
18,1590364980,a198e5,39.702867410950738,-85.776367187500000,246.013984260760196,313.305352931462835,-10.403840000000001,EJM16   ,False,False,False,1420,8732.520000000000437,9098.280000000000655,1590364979.744999885559082,1590364979.974999904632568
19,1590364990,a198e5,39.717996888241522,-85.797119140625000,244.185384486807379,313.378049178159131,-10.078720000000001,EJM16   ,False,False,False,1420,8633.460000000000946,8999.220000000001164,1590364989.802999973297119,1590364989.802999973297119
20,1590365000,a198e5,39.732940156581037,-85.817687988281250,241.298366494814218,313.185808090970056,-10.078720000000001,EJM16   ,False,False,False,1420,8526.780000000000655,8900.159999999999854,1590364999.796000003814697,1590364999.917999982833862
21,1590365010,a198e5,39.747743768207094,-85.838073730468750,239.469123242322752,313.259022955071657,-10.078720000000001,EJM16   ,False,False,False,1420,8427.720000000001164,8785.860000000000582,1590365009.871000051498413,1590365009.987999916076660
22,1590365020,a198e5,39.762547379833158,-85.858459472656250,240.923522984713543,313.269536038470619,-10.728960000000001,EJM16   ,False,False,False,1420,8321.040000000000873,8671.559999999999491,1590365019.930000066757202,1590365019.930000066757202
23,1590365030,a198e5,39.777490648172666,-85.878845214843750,242.665476007415805,314.055177742718058,-10.728960000000001,EJM16   ,False,False,False,1420,8214.360000000000582,8564.879999999999200,1590365029.867000102996826,1590365029.959000110626221
24,1590365040,a198e5,39.793085647841629,-85.898803710937500,244.207059894130367,316.792576396152413,-10.728960000000001,EJM16   ,False,False,False,1420,8107.680000000000291,8450.579999999999927,1590365039.819000005722046,1590365039.920000076293945
25,1590365050,a198e5,39.809378931077859,-85.916748046875000,245.225801365654831,322.072306355020146,-12.354560000000001,EJM16   ,False,False,False,1420,8008.620000000000800,8336.280000000000655,1590365049.430999994277954,1590365049.953999996185303
26,1590365060,a198e5,39.827953273967161,-85.933654785156250,245.359588171021642,328.809616251873535,-14.305280000000002,EJM16   ,False,False,False,1420,7863.840000000000146,8191.500000000000000,1590365059.677999973297119,1590365059.914999961853027
27,1590365070,a198e5,39.847457885742188,-85.945626963739812,244.999060306749897,339.472116871789865,-13.655040000000001,EJM16   ,False,False,False,3264,7726.680000000000291,8046.720000000000255,1590365069.585999965667725,1590365069.907000064849854
28,1590365080,a198e5,39.868698120117188,-85.953269626783310,245.676501223428573,349.137130243872775,-13.980160000000001,EJM16   ,False,False,False,3264,7589.520000000000437,7901.940000000000509,1590365079.624000072479248,1590365079.831000089645386
29,1590365090,a198e5,39.890053959216097,-85.957214355468750,243.498904353002985,353.205301571483062,-10.728960000000001,EJM16   ,False,False,False,3264,7459.980000000000473,7764.780000000000655,1590365089.404000043869019,1590365089.961999893188477
30,1590365100,a198e5,39.912094116210938,-85.960554039996623,240.883974016678820,353.254420352517172,-8.128000000000000,EJM16   ,False,False,False,3264,7360.920000000000073,7665.720000000000255,1590365099.476999998092651,1590365099.861000061035156
31,1590365110,a198e5,39.933999271716097,-85.964022549715935,239.985782594132132,352.981622841068315,-0.650240000000000,EJM16   ,False,False,False,3264,7322.820000000000618,7627.620000000000800,1590365109.938999891281128,1590365109.938999891281128
32,1590365120,a198e5,39.955902099609375,-85.967529296875000,241.517624045782810,353.026359202489289,-0.325120000000000,EJM16   ,False,False,False,3264,7315.200000000000728,7620.000000000000909,1590365119.885999917984009,1590365119.996999979019165
33,1590365130,a198e5,39.977432509600106,-85.970951427112936,247.770351570829064,352.963516847975939,0.000000000000000,EJM16   ,False,False,False,3264,7315.200000000000728,7612.380000000001019,1590365129.888000011444092,1590365129.930000066757202
34,1590365140,a198e5,40.000030517578125,-85.975097656250000,251.524713874606221,350.345022904343807,-0.325120000000000,EJM16   ,False,False,False,3053,7315.200000000000728,7612.380000000001019,1590365139.948999881744385,1590365139.969000101089478
35,1590365150,a198e5,40.021843344478285,-85.980938998135684,254.452240027429752,347.031430689019658,0.000000000000000,EJM16   ,False,False,False,263,7315.200000000000728,7612.380000000001019,1590365149.917000055313110,1590365149.917999982833862
36,1590365160,a198e5,40.044021606445312,-85.988403320312500,259.129175734835144,344.335846462910183,0.325120000000000,EJM16   ,False,False,False,263,7315.200000000000728,7612.380000000001019,1590365159.819000005722046,1590365159.844000101089478
37,1590365170,a198e5,40.066131591796875,-85.997375488281250,260.130174106423453,341.314226977887017,-0.325120000000000,EJM16   ,False,False,False,1420,7315.200000000000728,7612.380000000001019,1590365169.625000000000000,1590365169.767999887466431
38,1590365180,a198e5,40.088241577148438,-86.007995605468750,259.845150057340902,338.514556682936586,0.000000000000000,EJM16   ,False,False,False,1420,7315.200000000000728,7612.380000000001019,1590365179.663000106811523,1590365179.943000078201294
39,1590365190,a198e5,40.110443115234375,-86.020324707031250,259.924581020085952,335.565430277568851,-0.325120000000000,EJM16   ,False,False,False,1420,7315.200000000000728,7612.380000000001019,1590365189.894999980926514,1590365189.990000009536743
40,1590365200,a198e5,40.131408691406250,-86.033752441406250,259.540949348513834,332.622297228668288,0.000000000000000,EJM16   ,False,False,False,1420,7315.200000000000728,7612.380000000001019,1590365199.943000078201294,1590365199.950000047683716
41,1590365210,a198e5,40.151733398437500,-86.048522949218750,258.955493904085415,329.563310728540216,-0.325120000000000,EJM16   ,False,False,False,1420,7322.820000000000618,7620.000000000000909,1590365209.904999971389771,1590365209.904999971389771
42,1590365220,a198e5,40.170577744306144,-86.063398881392061,258.771468436185728,328.743222942902605,-0.325120000000000,EJM16   ,False,False,False,1420,7315.200000000000728,7612.380000000001019,1590365219.486000061035156,1590365219.677999973297119
43,1590365230,a198e5,40.190408997616522,-86.078942038796185,258.679918153699191,328.997160404743283,-0.325120000000000,EJM16   ,False,False,False,1420,7315.200000000000728,7612.380000000001019,1590365229.430000066757202,1590365229.875000000000000
44,1590365240,a198e5,40.211171295683258,-86.095171841708122,258.679918153699191,328.997160404743283,-0.325120000000000,EJM16   ,False,False,False,1420,7315.200000000000728,7612.380000000001019,1590365239.703000068664551,1590365239.989000082015991
45,1590365250,a198e5,40.231188757944913,-86.110902266068877,257.798559991887089,328.879376564835525,-0.325120000000000,EJM16   ,False,False,False,1420,7315.200000000000728,7612.380000000001019,1590365249.923000097274780,1590365249.923000097274780
46,1590365260,a198e5,40.249603271484375,-86.125488281250000,256.918298750419410,328.760785111791222,-0.325120000000000,EJM16   ,False,False,False,1420,7315.200000000000728,7612.380000000001019,1590365259.171999931335449,1590365259.874000072479248
47,1590365270,a198e5,40.270111083984375,-86.141723632812500,256.039145742915707,328.641378737291404,0.000000000000000,EJM16   ,False,False,False,1420,7315.200000000000728,7612.380000000001019,1590365269.614000082015991,1590365269.987999916076660
48,1590365280,a198e5,40.289703369140625,-86.157348632812500,254.892855695258845,328.619770578059558,0.000000000000000,EJM16   ,False,False,False,1420,7315.200000000000728,7612.380000000001019,1590365279.746000051498413,1590365279.848000049591064
49,1590365290,a198e5,40.309432983398438,-86.173095703125000,254.453800154102879,328.559451870534019,0.000000000000000,EJM16   ,False,False,False,1361,7315.200000000000728,7612.380000000001019,1590365289.823999881744385,1590365289.947000026702881
50,1590365300,a198e5,40.328436382746290,-86.188243519176126,254.453800154102879,328.559451870534019,0.000000000000000,EJM16   ,False,False,False,1361,7315.200000000000728,7612.380000000001019,1590365299.339999914169312,1590365299.861999988555908
51,1590365310,a198e5,40.348434448242188,-86.204223632812500,254.453800154102879,328.559451870534019,0.000000000000000,EJM16   ,False,False,False,1361,7315.200000000000728,7612.380000000001019,1590365309.592000007629395,1590365309.959000110626221
52,1590365320,a198e5,40.367889404296875,-86.219848632812500,254.722519267785685,328.460725032380935,0.000000000000000,EJM16   ,False,False,False,6011,7315.200000000000728,7612.380000000001019,1590365319.700999975204468,1590365319.951999902725220
53,1590365330,a198e5,40.387527465820312,-86.235534667968750,254.722519267785685,328.460725032380935,0.000000000000000,EJM16   ,False,False,False,6011,7315.200000000000728,7612.380000000001019,1590365329.707000017166138,1590365329.799999952316284
54,1590365340,a198e5,40.406890869140625,-86.251098632812500,254.722519267785685,328.460725032380935,0.000000000000000,EJM16   ,False,False,False,6011,7315.200000000000728,7612.380000000001019,1590365339.555000066757202,1590365339.878000020980835
55,1590365350,a198e5,40.426987470206569,-86.267207752574564,254.722519267785685,328.460725032380935,0.000000000000000,EJM16   ,False,False,False,6011,7315.200000000000728,7612.380000000001019,1590365349.823999881744385,1590365349.983999967575073
56,1590365360,a198e5,40.445938110351562,-86.282409667968750,254.722519267785685,328.460725032380935,0.000000000000000,EJM16   ,False,False,False,3557,7315.200000000000728,7612.380000000001019,1590365359.624000072479248,1590365359.943000078201294
57,1590365370,a198e5,40.465858588784428,-86.298418912020622,254.722519267785685,328.460725032380935,0.000000000000000,EJM16   ,False,False,False,3557,7315.200000000000728,7612.380000000001019,1590365369.683000087738037,1590365369.996999979019165
58,1590365380,a198e5,40.484665692862819,-86.313525113192497,255.161112424576487,328.521150060547257,0.000000000000000,EJM16   ,False,False,False,3557,7315.200000000000728,7612.380000000001019,1590365379.523000001907349,1590365379.890000104904175
59,1590365390,a198e5,40.504669189453125,-86.329650878906250,255.430123533362746,328.422736980136222,0.000000000000000,EJM16   ,False,False,False,3557,7315.200000000000728,7612.380000000001019,1590365389.780999898910522,1590365389.957000017166138
60,1590365400,a198e5,40.524654065148304,-86.345735029740752,255.430123533362746,328.422736980136222,0.000000000000000,EJM16   ,False,False,False,3557,7315.200000000000728,7612.380000000001019,1590365399.828999996185303,1590365399.946000099182129
61,1590365410,a198e5,40.543762207031250,-86.361083984375000,255.430123533362746,328.422736980136222,-3.901440000000000,EJM16   ,False,False,False,3557,7299.960000000000036,7597.140000000000327,1590365409.755000114440918,1590365409.755000114440918
62,1590365420,a198e5,40.563217163085938,-86.376770019531250,254.284210394129275,328.400091627730887,-9.753600000000000,EJM16   ,False,False,False,1371,7246.620000000000800,7536.180000000001201,1590365419.805000066757202,1590365419.927999973297119
63,1590365430,a198e5,40.582763671875000,-86.392578125000000,252.430599323778750,328.415446662876263,-11.704320000000001,EJM16   ,False,False,False,1371,7132.320000000000618,7421.880000000001019,1590365429.631000041961670,1590365429.990999937057495
64,1590365440,a198e5,40.601852416992188,-86.407958984375000,249.431079299345868,328.407981006856971,-11.379200000000001,EJM16   ,False,False,False,1371,7025.640000000000327,7315.199999999999818,1590365439.769000053405762,1590365439.974999904632568
65,1590365450,a198e5,40.621296510858052,-86.423638083718060,247.577477809299438,328.423696105970237,-11.379200000000001,EJM16   ,False,False,False,1371,6903.720000000000255,7185.659999999999854,1590365449.812999963760376,1590365449.948999881744385
66,1590365460,a198e5,40.640196719412074,-86.438931551846622,247.139347363287669,328.361244092859067,-11.379200000000001,EJM16   ,False,False,False,1371,6797.039999999999964,7071.359999999999673,1590365459.686000108718872,1590365459.747999906539917
67,1590365470,a198e5,40.659050375728285,-86.454225019975127,246.701511582616064,328.298570330494272,-11.379200000000001,EJM16   ,False,False,False,1371,6682.740000000000691,6949.440000000000509,1590365469.806999921798706,1590365469.937000036239624
68,1590365480,a198e5,40.677703857421875,-86.469299316406250,245.993543923303804,328.337549084943021,-11.379200000000001,EJM16   ,False,False,False,7241,6568.440000000000509,6827.520000000000437,1590365479.785000085830688,1590365479.878999948501587
69,1590365490,a198e5,40.696380615234375,-86.484436035156250,245.555820669066691,328.274540647179492,-11.379200000000001,EJM16   ,False,False,False,7241,6461.760000000000218,6713.220000000000255,1590365489.612999916076660,1590365489.835000038146973
70,1590365500,a198e5,40.715518240201270,-86.499980579723001,244.410173352218237,328.250285686272662,-11.054080000000001,EJM16   ,False,False,False,7241,6347.460000000000036,6598.920000000000073,1590365499.976000070571899,1590365499.976000070571899
71,1590365510,a198e5,40.733871459960938,-86.514892578125000,242.994071494089525,328.328924099382220,-11.054080000000001,EJM16   ,False,True,False,7241,6233.160000000000764,6469.380000000001019,1590365509.710999965667725,1590365509.911999940872192
72,1590365520,a198e5,40.752713478217686,-86.530192982066751,241.410760866284846,328.240519915187178,-11.054080000000001,EJM16   ,False,False,False,7241,6126.480000000000473,6362.700000000000728,1590365519.763000011444092,1590365519.763000011444092
73,1590365530,a198e5,40.770403328588451,-86.544550115411937,240.265175858446042,328.215684294933794,-11.054080000000001,EJM16   ,False,False,False,7241,6019.800000000000182,6256.020000000000437,1590365529.710000038146973,1590365529.710000038146973
74,1590365540,a198e5,40.789443193855931,-86.560030850497185,238.848875628890710,328.295482275117649,-11.054080000000001,EJM16   ,False,False,False,7241,5905.500000000000000,6126.479999999999563,1590365539.953000068664551,1590365539.953000068664551
75,1590365550,a198e5,40.806946835275419,-86.574263139204561,236.995143782050974,328.311019168867233,-10.728960000000001,EJM16   ,False,False,False,1420,5798.820000000000618,6012.180000000000291,1590365549.753999948501587,1590365549.753999948501587
76,1590365560,a198e5,40.824737548828125,-86.588745117187500,234.703764006637925,328.260859204184840,-10.728960000000001,EJM16   ,False,False,False,1420,5692.140000000000327,5905.500000000000000,1590365559.269000053405762,1590365559.737999916076660
77,1590365570,a198e5,40.843917846679688,-86.604370117187500,233.120910221629543,328.168849034665016,-10.403840000000001,EJM16   ,False,False,False,1420,5577.840000000000146,5798.819999999999709,1590365569.996000051498413,1590365569.996000051498413
78,1590365580,a198e5,40.861366401284428,-86.618645407936810,231.267039977558511,328.183755674131703,-10.728960000000001,EJM16   ,False,False,False,1420,5471.159999999999854,5684.520000000000437,1590365579.836999893188477,1590365579.836999893188477
79,1590365590,a198e5,40.878479003906250,-86.633056640625000,230.861581296138070,325.991232413804994,-10.403840000000001,EJM16   ,False,False,False,1420,5372.100000000000364,5570.220000000000255,1590365589.770999908447266,1590365589.892999887466431
80,1590365600,a198e5,40.895324707031250,-86.649169921875000,230.698739424121555,322.337927516503896,-10.728960000000001,EJM16   ,False,False,False,1420,5265.420000000000073,5463.539999999999964,1590365599.729000091552734,1590365599.934000015258789
81,1590365610,a198e5,40.911941528320312,-86.667053222656250,229.837320905034630,319.356975005846323,-10.403840000000001,EJM16   ,False,False,False,1420,5158.740000000000691,5356.860000000000582,1590365609.983999967575073,1590365609.983999967575073
82,1590365620,a198e5,40.926911952131881,-86.685000332919060,229.247006062388095,316.454818176752440,-10.403840000000001,EJM16   ,False,False,False,1420,5059.680000000000291,5242.560000000000400,1590365619.904999971389771,1590365619.904999971389771
83,1590365630,a198e5,40.941741943359375,-86.704589843750000,228.858206252605413,313.815995061862964,-10.403840000000001,EJM16   ,False,False,False,1420,4953.000000000000000,5135.880000000000109,1590365629.990000009536743,1590365629.990000009536743
84,1590365640,a198e5,40.955154418945312,-86.723937988281250,228.820620024215117,311.719119227390593,-10.403840000000001,EJM16   ,False,False,False,1420,4846.320000000000618,5021.580000000000837,1590365639.691999912261963,1590365639.834000110626221
85,1590365650,a198e5,40.969088279594807,-86.744426380504251,228.820620024215117,311.719119227390593,-10.403840000000001,EJM16   ,False,False,False,1420,4739.640000000000327,4922.520000000000437,1590365649.871999979019165,1590365649.871999979019165
86,1590365660,a198e5,40.982821189751057,-86.764588789506377,228.397493586002014,311.987212495816664,-10.403840000000001,EJM16   ,False,False,False,1420,4640.579999999999927,4815.840000000000146,1590365659.789000034332275,1590365659.789000034332275
87,1590365670,a198e5,40.996600652145126,-86.784876043146312,228.436887247110519,311.804986827886353,-10.403840000000001,EJM16   ,False,False,False,1420,4533.900000000000546,4701.540000000000873,1590365669.835999965667725,1590365669.835999965667725
88,1590365680,a198e5,41.010193905587919,-86.804913607510684,226.984096099945020,311.784516008251785,-10.403840000000001,EJM16   ,False,False,False,1420,4434.840000000000146,4594.860000000000582,1590365679.885999917984009,1590365679.885999917984009
89,1590365690,a198e5,41.023452758789062,-86.824584960937500,225.915316487438133,311.676879554864570,-10.403840000000001,EJM16   ,False,False,False,1420,4328.159999999999854,4488.180000000000291,1590365689.813999891281128,1590365689.813999891281128
90,1590365700,a198e5,41.036956787109375,-86.844726562500000,225.232490025984106,311.481388534662813,-10.403840000000001,EJM16   ,False,False,False,1420,4229.100000000000364,4381.500000000000000,1590365699.861000061035156,1590365699.983999967575073
91,1590365710,a198e5,41.050647800251589,-86.865088722922565,225.573575005657602,311.579281985825503,-10.403840000000001,EJM16   ,False,False,False,1420,4122.420000000000073,4267.199999999999818,1590365709.910000085830688,1590365709.941999912261963
92,1590365720,a198e5,41.063781738281250,-86.884704589843750,224.506332246890537,311.469993312107306,-10.403840000000001,EJM16   ,False,False,False,1420,4023.360000000000127,4168.140000000000327,1590365719.957999944686890,1590365719.957999944686890
93,1590365730,a198e5,41.077275680283364,-86.904851740056813,218.311632117843345,311.465352599934647,-10.078720000000001,EJM16   ,False,False,False,1420,3916.680000000000291,4061.460000000000036,1590365729.937000036239624,1590365729.984999895095825
94,1590365740,a198e5,41.090077545683258,-86.923952969637810,211.731676437972908,311.552613148134810,-9.428480000000000,EJM16   ,False,False,False,1420,3817.620000000000346,3954.780000000000200,1590365739.746999979019165,1590365739.956000089645386
95,1590365750,a198e5,41.102041470802433,-86.941868175159811,208.100705581242778,311.492388040487128,-9.428480000000000,EJM16   ,False,False,False,3327,3733.800000000000182,3870.960000000000036,1590365749.354000091552734,1590365749.880000114440918
96,1590365760,a198e5,41.114685058593750,-86.960754394531250,206.648383200782774,311.467705416109084,-9.103360000000000,EJM16   ,False,False,False,3327,3634.740000000000236,3764.280000000000200,1590365759.644000053405762,1590365759.729000091552734
97,1590365770,a198e5,41.126953125000000,-86.979064941406250,204.469972813861688,311.430024051290275,-8.453120000000000,EJM16   ,False,False,False,3327,3550.920000000000073,3680.460000000000036,1590365769.756999969482422,1590365769.891000032424927
98,1590365780,a198e5,41.139190156581037,-86.997424038973747,199.001409073891978,311.436731937093839,-8.128000000000000,EJM16   ,False,False,False,3327,3474.720000000000255,3596.640000000000327,1590365779.720999956130981,1590365779.775000095367432
99,1590365790,a198e5,41.150665283203125,-87.014587402343750,193.532848215677319,311.443818905744877,-6.177280000000001,EJM16   ,False,False,False,3327,3398.519999999999982,3520.440000000000055,1590365789.766999959945679,1590365789.858999967575073
100,1590365800,a198e5,41.162063598632812,-87.031677246093750,189.176245271216857,311.361813422135356,-5.852160000000000,EJM16   ,False,False,False,3327,3337.559999999999945,3459.480000000000473,1590365799.821000099182129,1590365799.903000116348267
101,1590365810,a198e5,41.173406051377114,-87.048797607421875,188.450183473327257,311.347777219693683,-5.201920000000000,EJM16   ,False,False,False,3327,3284.220000000000255,3406.140000000000327,1590365809.865999937057495,1590365809.865999937057495
102,1590365820,a198e5,41.184448242187500,-87.065307617187500,188.790434546514234,311.464984689604080,-5.201920000000000,EJM16   ,False,False,False,3327,3238.500000000000000,3352.800000000000182,1590365819.778000116348267,1590365819.915999889373779
103,1590365830,a198e5,41.195937334480931,-87.082568081942497,188.450183473327257,311.347777219693683,-5.201920000000000,EJM16   ,False,False,False,1420,3185.160000000000309,3299.460000000000491,1590365829.966000080108643,1590365829.966000080108643
104,1590365840,a198e5,41.206420898437500,-87.098327636718750,188.064290490605998,311.451318026095578,-5.201920000000000,EJM16   ,False,False,False,1420,3131.820000000000164,3238.500000000000000,1590365839.456000089645386,1590365839.578999996185303
105,1590365850,a198e5,41.217590332031250,-87.115051269531250,187.338157217703412,311.437545416279875,-4.876800000000000,EJM16   ,False,False,False,1420,3086.100000000000364,3192.780000000000200,1590365849.187999963760376,1590365849.937999963760376
106,1590365860,a198e5,41.229080200195312,-87.132385253906250,183.707657073467459,311.367049260511806,0.000000000000000,EJM16   ,False,False,False,1420,3055.620000000000346,3162.300000000000182,1590365859.698999881744385,1590365859.986000061035156
107,1590365870,a198e5,41.239837646484375,-87.148498535156250,176.786942200371925,311.342770597938397,0.000000000000000,EJM16   ,False,False,False,1420,3063.240000000000236,3169.920000000000073,1590365869.681999921798706,1590365869.944000005722046
108,1590365880,a198e5,41.250310348252114,-87.164278897372185,169.140237389993445,311.300680507712798,0.325120000000000,EJM16   ,False,False,False,1420,3063.240000000000236,3169.920000000000073,1590365879.857000112533569,1590365879.857000112533569
109,1590365890,a198e5,41.259887695312500,-87.178771972656250,161.880740150854422,311.134538830148244,0.325120000000000,EJM16   ,False,False,False,1420,3063.240000000000236,3169.920000000000073,1590365889.839999914169312,1590365889.993000030517578
110,1590365900,a198e5,41.269117452330505,-87.192681052468060,156.364743924995309,311.398721882776556,-0.650240000000000,EJM16   ,False,False,False,1420,3063.240000000000236,3169.920000000000073,1590365899.618000030517578,1590365899.963000059127808
111,1590365910,a198e5,41.278518676757812,-87.206054687500000,157.162431507223999,315.795723552739275,-5.852160000000000,EJM16   ,False,False,False,1420,3040.380000000000109,3147.059999999999945,1590365909.398999929428101,1590365909.996999979019165
112,1590365920,a198e5,41.289596557617188,-87.219116210937500,158.693258302595694,319.338266791428168,-5.527040000000000,EJM16   ,False,False,False,1420,2979.420000000000073,3078.480000000000018,1590365919.713999986648560,1590365919.959000110626221
113,1590365930,a198e5,41.300399780273438,-87.231323242187500,157.299613018634119,319.642602198297709,-5.201920000000000,EJM16   ,False,False,False,1420,2933.700000000000273,3032.760000000000218,1590365929.707000017166138,1590365929.966000080108643
114,1590365940,a198e5,41.310781705177433,-87.243430397727252,155.897753492715310,317.942520456368641,-5.201920000000000,EJM16   ,False,False,False,1420,2880.360000000000127,2979.420000000000073,1590365939.572999954223633,1590365939.914000034332275
115,1590365950,a198e5,41.321273803710938,-87.256164550781250,154.724538692978996,317.290610042638548,-5.201920000000000,EJM16   ,False,False,False,1420,2827.019999999999982,2918.460000000000036,1590365949.661000013351440,1590365949.901000022888184
116,1590365960,a198e5,41.331637107719807,-87.268961126154124,154.298899921789967,316.621145913653436,-5.201920000000000,EJM16   ,False,False,False,1420,2781.300000000000182,2872.740000000000236,1590365959.957999944686890,1590365959.967999935150146
117,1590365970,a198e5,41.340994107521183,-87.281445589932559,153.218835224357719,313.231333654596881,-5.201920000000000,EJM16   ,False,False,False,1420,2727.960000000000036,2819.400000000000091,1590365969.523999929428101,1590365969.999000072479248
118,1590365980,a198e5,41.350630420749468,-87.295553034002126,153.074538962046745,311.457638807806291,-6.827520000000001,EJM16   ,False,False,False,1420,2667.000000000000000,2750.820000000000164,1590365979.901999950408936,1590365979.901999950408936
119,1590365990,a198e5,41.359863281250000,-87.309570312500000,152.782939304178626,311.040735031091856,-6.502400000000001,EJM16   ,False,False,False,1420,2598.420000000000073,2682.240000000000236,1590365989.946000099182129,1590365989.946000099182129
120,1590366000,a198e5,41.368606567382812,-87.322631835937500,151.883002401978615,312.117036547460430,-6.827520000000001,EJM16   ,False,False,False,1420,2537.460000000000036,2621.280000000000200,1590365999.671000003814697,1590365999.960999965667725
121,1590366010,a198e5,41.377956584348517,-87.336314808238626,151.501792793705931,312.247514599731289,-7.802880000000000,EJM16   ,False,False,False,1420,2461.260000000000218,2537.460000000000036,1590366009.986999988555908,1590366009.989000082015991
122,1590366020,a198e5,41.386754957296077,-87.349228969840127,151.538472442250509,311.972754817719988,-7.802880000000000,EJM16   ,False,False,False,1420,2385.059999999999945,2453.639999999999873,1590366019.489000082015991,1590366019.937999963760376
123,1590366030,a198e5,41.396205061573092,-87.363217375999227,150.811958902296084,311.958157843381628,-7.802880000000000,EJM16   ,False,False,False,771,2308.860000000000127,2377.440000000000055,1590366029.707000017166138,1590366029.964999914169312
124,1590366040,a198e5,41.405044555664062,-87.376327514648438,149.742091622721773,311.797007593493049,-7.802880000000000,EJM16   ,False,False,False,771,2232.660000000000309,2301.240000000000236,1590366039.763999938964844,1590366039.984999895095825
125,1590366050,a198e5,41.413801807468218,-87.389405716297233,149.015700003912627,311.781377889100952,-7.802880000000000,EJM16   ,False,False,False,771,2156.460000000000036,2217.420000000000073,1590366049.424000024795532,1590366049.940000057220459
126,1590366060,a198e5,41.423112255031775,-87.403202500454199,148.673425955813372,311.633539336570209,-7.802880000000000,EJM16   ,False,False,False,771,2080.260000000000218,2141.220000000000255,1590366059.855000019073486,1590366059.857000112533569
127,1590366070,a198e5,41.431823730468750,-87.416152954101562,147.562950524251420,311.749656854663328,-6.177280000000001,EJM16   ,False,False,False,771,2011.680000000000064,2065.019999999999982,1590366069.628999948501587,1590366069.839999914169312
128,1590366080,a198e5,41.440057269597453,-87.428560478742725,146.836592997388721,311.733560962366425,-6.177280000000001,EJM16   ,False,False,False,771,1950.720000000000027,2004.059999999999945,1590366079.078999996185303,1590366079.957000017166138
129,1590366090,a198e5,41.449553926112287,-87.442676632903328,146.110247174027592,311.717305036411744,-6.177280000000001,EJM16   ,False,False,False,771,1882.140000000000100,1927.860000000000127,1590366089.892999887466431,1590366089.928999900817871
130,1590366100,a198e5,41.457933328919488,-87.455195937045744,146.110247174027592,311.717305036411744,-6.177280000000001,EJM16   ,False,False,False,771,1828.800000000000182,1874.520000000000209,1590366099.394999980926514,1590366099.614000082015991
131,1590366110,a198e5,41.467011015293963,-87.468801099200562,146.494647331014249,311.583411808228675,-6.177280000000001,EJM16   ,False,False,False,771,1767.840000000000146,1813.560000000000173,1590366109.933000087738037,1590366109.934000015258789
132,1590366120,a198e5,41.475631713867188,-87.481696388938190,147.562950524251420,311.749656854663328,-6.177280000000001,EJM16   ,False,False,False,771,1706.880000000000109,1744.980000000000018,1590366119.664000034332275,1590366119.980000019073486
133,1590366130,a198e5,41.483909477621822,-87.494159077489087,147.947153893956397,311.616994208669382,-6.177280000000001,EJM16   ,False,False,False,771,1638.300000000000182,1684.019999999999982,1590366128.999000072479248,1590366129.858000040054321
134,1590366140,a198e5,41.493452686374468,-87.508466853651896,147.605988000559137,311.467705416109084,-6.177280000000001,EJM16   ,False,False,False,771,1577.340000000000146,1607.820000000000164,1590366139.976999998092651,1590366139.977999925613403
135,1590366150,a198e5,41.502090454101562,-87.521334561434685,147.220894290592668,311.600285840876722,-6.177280000000001,EJM16   ,False,False,False,771,1516.380000000000109,1554.480000000000018,1590366149.855000019073486,1590366149.855999946594238
136,1590366160,a198e5,41.511049432269594,-87.534782941951278,147.220894290592668,311.600285840876722,-6.502400000000001,EJM16   ,False,False,False,3215,1455.420000000000073,1485.900000000000091,1590366159.822999954223633,1590366159.851000070571899
137,1590366170,a198e5,41.519847805217161,-87.547940986100969,146.879843304924975,311.450220132376671,-6.177280000000001,EJM16   ,False,False,False,3215,1394.460000000000036,1424.940000000000055,1590366169.871999979019165,1590366169.898000001907349
138,1590366180,a198e5,41.528227208024362,-87.560588038244873,146.153712424467557,311.432561103818443,-6.177280000000001,EJM16   ,False,False,False,3215,1333.500000000000000,1356.359999999999900,1590366179.513999938964844,1590366179.947000026702881
139,1590366190,a198e5,41.537304894398829,-87.574193200399691,145.768413204202687,311.566369637549485,-6.177280000000001,EJM16   ,False,False,False,3215,1272.539999999999964,1287.779999999999973,1590366189.776000022888184,1590366189.994999885559082
140,1590366200,a198e5,41.545852661132812,-87.587002840909122,145.768413204202687,311.566369637549485,-6.502400000000001,EJM16   ,False,False,False,3215,1211.580000000000155,1226.820000000000164,1590366199.809999942779541,1590366199.809999942779541
141,1590366210,a198e5,41.554504394531250,-87.600049105557559,145.383913229582049,311.700886680826045,-6.177280000000001,EJM16   ,False,False,False,3215,1150.620000000000118,1158.240000000000009,1590366209.634999990463257,1590366209.943000078201294
142,1590366220,a198e5,41.563374147576802,-87.613284088844466,144.315984223808869,311.531770741082823,-6.177280000000001,EJM16   ,False,False,False,3215,1089.660000000000082,1097.279999999999973,1590366219.982000112533569,1590366219.982000112533569
143,1590366230,a198e5,41.571939759335272,-87.626250510992008,143.975404764415259,311.378515295882664,-5.852160000000000,EJM16   ,False,False,False,3215,1028.700000000000045,1028.700000000000045,1590366229.900000095367432,1590366229.900000095367432
144,1590366240,a198e5,41.580179505429022,-87.638578193132219,142.863608938624822,311.496468355215541,-5.527040000000000,EJM16   ,False,False,False,3215,975.360000000000014,975.360000000000014,1590366239.522000074386597,1590366239.790999889373779
145,1590366250,a198e5,41.588977878376589,-87.651863985283399,141.411289003092548,311.460440831450057,-1.300480000000000,EJM16   ,False,False,False,3215,937.259999999999991,937.259999999999991,1590366249.913000106811523,1590366249.913000106811523
146,1590366260,a198e5,41.597077967756881,-87.664000045421517,141.411289003092548,311.460440831450057,-0.325120000000000,EJM16   ,False,False,False,3215,929.640000000000100,929.640000000000100,1590366259.760999917984009,1590366259.760999917984009
147,1590366270,a198e5,41.605829788466629,-87.677221963571924,140.685150327121931,311.442148133881915,-0.325120000000000,EJM16   ,False,False,False,3215,929.640000000000100,929.640000000000100,1590366269.937999963760376,1590366269.937999963760376
148,1590366280,a198e5,41.613922119140625,-87.689375443892061,135.216592487240860,311.452510619803377,0.000000000000000,EJM16   ,False,False,False,3215,929.640000000000100,929.640000000000100,1590366279.855000019073486,1590366279.875000000000000
149,1590366290,a198e5,41.621475219726562,-87.700798728249310,129.362976535625080,311.614617349307935,0.325120000000000,EJM16   ,False,False,False,3215,929.640000000000100,929.640000000000100,1590366289.460000038146973,1590366289.908999919891357
150,1590366300,a198e5,41.629478325278072,-87.712799781976742,124.279491827920253,311.475971416125788,0.000000000000000,EJM16   ,False,False,False,3215,929.640000000000100,929.640000000000100,1590366299.851000070571899,1590366299.851000070571899
151,1590366310,a198e5,41.636535644531250,-87.723458030007123,118.810950391182246,311.489321569732681,-0.325120000000000,EJM16   ,False,False,False,3215,929.640000000000100,929.640000000000100,1590366309.694999933242798,1590366309.996000051498413
152,1590366320,a198e5,41.643173217773438,-87.733508023348747,113.683976404889293,311.698134325564979,0.000000000000000,EJM16   ,False,False,False,3215,929.640000000000100,929.640000000000100,1590366319.387000083923340,1590366319.908999919891357
153,1590366330,a198e5,41.649536132812500,-87.743121060458122,109.326309903151994,311.566369637549485,-0.325120000000000,EJM16   ,False,False,False,3215,929.640000000000100,929.640000000000100,1590366328.993999958038330,1590366329.124000072479248
154,1590366340,a198e5,41.656571727688025,-87.753743016442570,106.081546196743645,311.264340873382309,0.650240000000000,EJM16   ,False,False,False,1420,937.259999999999991,937.259999999999991,1590366339.832999944686890,1590366339.947000026702881
155,1590366350,a198e5,41.662765502929688,-87.763096202503561,106.036630222027327,311.656623855672876,-0.650240000000000,EJM16   ,False,False,False,1420,937.259999999999991,937.259999999999991,1590366349.661999940872192,1590366349.990000009536743
156,1590366360,a198e5,41.668487548828125,-87.771710482510684,101.338939312553222,311.295372557922860,-0.325120000000000,EJM16   ,False,False,False,1420,929.640000000000100,937.259999999999991,1590366359.006999969482422,1590366359.588000059127808
157,1590366370,a198e5,41.672818458686436,-87.778334506722388,95.870335126482928,311.301615628398110,-0.325120000000000,EJM16   ,False,False,False,1420,929.640000000000100,937.259999999999991,1590366366.355999946594238,1590366369.872999906539917
158,1590366380,a198e5,41.679061889648438,-87.787753018465935,93.306017426840469,311.423665625002627,0.325120000000000,EJM16   ,False,False,False,1420,937.259999999999991,937.259999999999991,1590366377.500999927520752,1590366379.976000070571899
159,1590366390,a198e5,41.685882568359375,-87.798052701083122,90.015940511983288,311.524767223269919,-0.325120000000000,EJM16   ,False,False,False,1420,937.259999999999991,937.259999999999991,1590366389.871000051498413,1590366389.871000051498413
160,1590366400,a198e5,41.690460205078125,-87.804919156161247,84.547427595186846,311.546683749468912,-2.275840000000000,EJM16   ,False,False,False,1420,929.640000000000100,929.640000000000100,1590366398.513999938964844,1590366399.888999938964844
161,1590366410,a198e5,41.696001473119701,-87.813337459120646,78.738507035248873,311.291571842869530,-4.226560000000000,EJM16   ,False,False,False,1420,891.540000000000077,899.160000000000082,1590366409.964999914169312,1590366409.964999914169312
162,1590366420,a198e5,41.699707031250000,-87.819026600230814,76.560606254810494,311.185925165709648,-3.901440000000000,EJM16   ,False,False,False,1420,861.060000000000059,853.440000000000055,1590366418.581000089645386,1590366419.812000036239624
163,1590366430,a198e5,41.704833984375000,-87.826766967773438,76.797030152837038,313.099889034423143,-4.226560000000000,EJM16   ,False,False,False,1420,815.340000000000032,815.340000000000032,1590366429.253999948501587,1590366429.904999971389771
164,1590366440,a198e5,41.710418701171875,-87.831885597922565,75.569004436320370,338.850473908076935,-3.901440000000000,EJM16   ,False,False,False,1420,777.240000000000009,762.000000000000000,1590366439.417999982833862,1590366439.457999944686890
165,1590366450,a198e5,41.714808577198092,-87.833010651344466,73.845564682973887,8.412345290426837,-4.876800000000000,EJM16   ,False,False,False,1420,739.139999999999986,723.899999999999977,1590366445.868999958038330,1590366449.938999891281128
166,1590366460,a198e5,41.723467293432201,-87.829433707303735,72.242299565849365,35.727398222799707,-4.551680000000000,EJM16   ,False,False,False,1420,678.180000000000064,670.560000000000059,1590366459.986999988555908,1590366459.986999988555908
167,1590366470,a198e5,41.728262173927433,-87.823685047238371,71.313146904882672,43.830860672092584,-3.576320000000000,EJM16   ,False,False,False,1420,640.080000000000041,624.840000000000032,1590366469.904000043869019,1590366469.904000043869019
168,1590366480,a198e5,41.732574462890625,-87.818090265447438,71.670376578476436,44.127542877097973,-4.226560000000000,EJM16   ,False,False,False,1420,601.980000000000018,586.740000000000009,1590366479.210999965667725,1590366479.631000041961670
169,1590366490,a198e5,41.737380981445312,-87.811972878196002,69.503269272886783,43.500452962022365,-4.876800000000000,EJM16   ,False,False,False,1420,556.259999999999991,541.019999999999982,1590366489.796999931335449,1590366489.934999942779541
170,1590366500,a198e5,41.739434711003703,-87.809313397074845,68.048710876787325,43.468392207988984,-4.226560000000000,EJM16   ,False,False,False,1420,518.160000000000082,487.680000000000064,1590366494.359999895095825,1590366499.823999881744385
171,1590366510,a198e5,41.746307373046875,-87.800674438476562,68.048710876787325,43.468392207988984,-3.251200000000000,EJM16   ,False,False,False,1420,480.060000000000002,449.579999999999984,1590366509.792000055313110,1590366509.967000007629395
172,1590366520,a198e5,41.750793457031250,-87.795118852095186,67.345022871060280,42.833085316813353,-3.251200000000000,EJM16   ,False,False,False,1420,441.960000000000036,411.480000000000018,1590366519.700999975204468,1590366519.842999935150146
173,1590366530,a198e5,41.754135131835938,-87.790936556729434,66.968675164875819,43.132321160565830,-3.251200000000000,EJM16   ,False,False,False,1420,411.480000000000018,373.379999999999995,1590366527.348000049591064,1590366529.888999938964844
174,1590366540,a198e5,41.758529663085938,-87.785443392666934,65.514397954401204,43.090847567003621,-3.576320000000000,EJM16   ,False,False,False,1420,381.000000000000000,342.899999999999977,1590366537.529000043869019,1590366539.897000074386597
175,1590366550,a198e5,41.763176352290785,-87.779548112736165,64.412415472213681,43.381905467262548,-3.251200000000000,EJM16   ,False,False,False,1420,342.900000000000034,304.800000000000011,1590366548.323999881744385,1590366549.882999897003174
176,1590366560,a198e5,41.767959594726562,-87.773520729758502,62.957941727552310,43.344513460880698,-3.251200000000000,EJM16   ,False,False,False,1420,312.420000000000016,274.319999999999993,1590366559.825000047683716,1590366559.825000047683716
177,1590366570,a198e5,41.771850585937500,-87.768651788884938,60.049080525666668,43.264295411071615,-3.576320000000000,EJM16   ,False,False,False,1420,281.939999999999998,236.219999999999999,1590366569.513999938964844,1590366569.956000089645386
178,1590366580,a198e5,41.775650024414062,-87.763782848011374,57.493576492584282,43.549783709066567,-3.576320000000000,EJM16   ,False,False,False,1420,243.840000000000003,198.120000000000005,1590366579.237999916076660,1590366579.697000026702881
179,1590366590,a198e5,41.777793754965572,-87.761024652525407,57.867518665118247,43.198839484277634,-2.275840000000000,EJM16   ,False,False,False,1420,213.360000000000014,182.880000000000024,1590366585.266000032424927,1590366589.022000074386597
180,1590366600,a198e5,41.777793754965572,-87.761024652525407,57.867518665118247,43.198839484277634,-2.275840000000000,EJM16   ,False,False,False,1420,213.360000000000014,182.880000000000024,1590366585.266000032424927,1590366589.022000074386597
181,1590366610,a198e5,41.785789489746094,-87.750908244739875,57.867518665118247,43.198839484277634,-2.275840000000000,EJM16   ,True,False,False,1420,,,1590366607.362999916076660,1590366607.362999916076660
182,1590366620,a198e5,41.785789489746094,-87.750908244739875,57.867518665118247,43.198839484277634,-2.275840000000000,EJM16   ,True,False,False,1420,,,1590366607.362999916076660,1590366607.362999916076660
183,1590366630,a198e5,41.785789489746094,-87.750908244739875,57.867518665118247,43.198839484277634,-2.275840000000000,EJM16   ,True,False,False,1420,,,1590366607.362999916076660,1590366607.362999916076660
184,1590366640,a198e5,41.788814997268936,-87.747930482376432,57.867518665118247,43.198839484277634,-2.275840000000000,EJM16   ,True,False,False,1420,,,1590366632.078999996185303,1590366632.078999996185303
185,1590366650,a198e5,41.789711127846928,-87.747946450876640,57.867518665118247,43.198839484277634,-2.275840000000000,EJM16   ,True,False,False,1420,,,1590366642.690000057220459,1590366643.568000078201294
186,1590366660,a198e5,41.789711127846928,-87.747946450876640,57.867518665118247,43.198839484277634,-2.275840000000000,EJM16   ,True,False,False,1420,,,1590366642.690000057220459,1590366643.568000078201294
187,1590366670,a198e5,41.790802001953125,-87.748973152854205,57.867518665118247,43.198839484277634,-2.275840000000000,EJM16   ,True,False,False,1420,,,1590366664.548000097274780,1590366667.592000007629395
188,1590366680,a198e5,41.790246478581828,-87.749974450399691,57.867518665118247,43.198839484277634,-2.275840000000000,EJM16   ,True,False,False,1420,,,1590366679.174000024795532,1590366679.174000024795532
189,1590366690,a198e5,41.790246478581828,-87.749974450399691,57.867518665118247,43.198839484277634,-2.275840000000000,EJM16   ,True,False,False,1420,,,1590366679.174000024795532,1590366679.174000024795532
190,1590366700,a198e5,41.790246478581828,-87.749974450399691,57.867518665118247,43.198839484277634,-2.275840000000000,EJM16   ,True,False,False,1420,,,1590366679.174000024795532,1590366679.174000024795532
191,1590366710,a198e5,41.790246478581828,-87.749974450399691,57.867518665118247,43.198839484277634,-2.275840000000000,EJM16   ,True,False,False,1420,,,1590366679.174000024795532,1590366679.174000024795532
192,1590366720,a198e5,41.788158416748047,-87.752624858509407,57.867518665118247,43.198839484277634,-2.275840000000000,EJM16   ,True,False,False,1420,198.120000000000005,,1590366710.197000026702881,1590366714.466000080108643
193,1590366730,a198e5,41.786685232388770,-87.754477567450920,57.867518665118247,43.198839484277634,-2.275840000000000,EJM16   ,True,False,False,1420,,,1590366729.209000110626221,1590366729.209000110626221
194,1590366740,a198e5,41.786685232388770,-87.754477567450920,57.867518665118247,43.198839484277634,-2.275840000000000,EJM16   ,True,False,False,1420,198.120000000000005,,1590366729.209000110626221,1590366734.023999929428101
195,1590366750,a198e5,41.785400390625000,-87.756136113947093,57.867518665118247,43.198839484277634,-2.275840000000000,EJM16   ,True,False,False,1420,198.120000000000005,,1590366746.687000036239624,1590366747.562999963760376
196,1590366760,a198e5,41.785400390625000,-87.756136113947093,57.867518665118247,43.198839484277634,-2.275840000000000,EJM16   ,True,False,False,1420,198.120000000000005,,1590366746.687000036239624,1590366747.562999963760376
197,1590366770,a198e5,41.785148620605469,-87.757478193803252,57.867518665118247,43.198839484277634,-2.275840000000000,EJM16   ,False,True,False,1420,,,1590366760.221999883651733,1590366763.767999887466431
198,1590366780,a198e5,41.785125732421875,-87.758789062500000,57.867518665118247,43.198839484277634,-2.275840000000000,EJM16   ,True,True,False,1420,,,1590366773.160000085830688,1590366773.160000085830688
199,1590366790,a198e5,41.785102456302965,-87.760002668513820,57.867518665118247,43.198839484277634,-2.275840000000000,EJM16   ,True,True,False,1420,,,1590366789.217999935150146,1590366789.217999935150146
200,1590366800,a198e5,41.785102456302965,-87.760002668513820,57.867518665118247,43.198839484277634,-2.275840000000000,EJM16   ,True,True,False,1420,,,1590366789.217999935150146,1590366789.217999935150146
201,1590366810,a198e5,41.785102456302965,-87.760002668513820,57.867518665118247,43.198839484277634,-2.275840000000000,EJM16   ,True,True,False,1420,,,1590366789.217999935150146,1590366789.217999935150146
202,1590366820,a198e5,41.785102456302965,-87.760002668513820,57.867518665118247,43.198839484277634,-2.275840000000000,EJM16   ,True,True,False,1420,,,1590366789.217999935150146,1590366789.217999935150146
203,1590366830,a198e5,41.785102456302965,-87.760002668513820,57.867518665118247,43.198839484277634,-2.275840000000000,EJM16   ,True,True,False,1420,,,1590366789.217999935150146,1590366789.217999935150146
204,1590366840,a198e5,41.785102456302965,-87.760002668513820,57.867518665118247,43.198839484277634,-2.275840000000000,EJM16   ,True,True,False,1420,,,1590366789.217999935150146,1590366789.217999935150146
205,1590366850,a198e5,41.785102456302965,-87.760002668513820,57.867518665118247,43.198839484277634,-2.275840000000000,EJM16   ,True,True,False,1420,,,1590366789.217999935150146,1590366789.217999935150146
206,1590366860,a198e5,41.785102456302965,-87.760002668513820,57.867518665118247,43.198839484277634,-2.275840000000000,EJM16   ,True,True,False,1420,,,1590366789.217999935150146,1590366789.217999935150146
207,1590366870,a198e5,41.785102456302965,-87.760002668513820,57.867518665118247,43.198839484277634,-2.275840000000000,EJM16   ,True,True,False,1420,,,1590366789.217999935150146,1590366789.217999935150146
208,1590366880,a198e5,41.785102456302965,-87.760002668513820,57.867518665118247,43.198839484277634,-2.275840000000000,EJM16   ,True,True,False,1420,,,1590366789.217999935150146,1590366789.217999935150146
209,1590366890,a198e5,41.785102456302965,-87.760002668513820,57.867518665118247,43.198839484277634,-2.275840000000000,EJM16   ,True,True,False,1420,,,1590366789.217999935150146,1590366789.217999935150146
210,1590366900,a198e5,41.785102456302965,-87.760002668513820,57.867518665118247,43.198839484277634,-2.275840000000000,EJM16   ,True,True,False,1420,,,1590366789.217999935150146,1590366789.217999935150146
211,1590366910,a198e5,41.785102456302965,-87.760002668513820,57.867518665118247,43.198839484277634,-2.275840000000000,EJM16   ,True,True,False,1420,,,1590366789.217999935150146,1590366789.217999935150146
212,1590366920,a198e5,41.785102456302965,-87.760002668513820,57.867518665118247,43.198839484277634,-2.275840000000000,EJM16   ,True,True,False,1420,,,1590366789.217999935150146,1590366789.217999935150146
213,1590366930,a198e5,41.785102456302965,-87.760002668513820,57.867518665118247,43.198839484277634,-2.275840000000000,EJM16   ,True,True,False,1420,,,1590366789.217999935150146,1590366789.217999935150146
214,1590366940,a198e5,41.785102456302965,-87.760002668513820,57.867518665118247,43.198839484277634,-2.275840000000000,EJM16   ,True,True,False,1420,,,1590366789.217999935150146,1590366789.217999935150146
215,1590366950,a198e5,41.785102456302965,-87.760002668513820,57.867518665118247,43.198839484277634,-2.275840000000000,EJM16   ,True,True,False,1420,,,1590366789.217999935150146,1590366789.217999935150146
216,1590366960,a198e5,41.785102456302965,-87.760002668513820,57.867518665118247,43.198839484277634,-2.275840000000000,EJM16   ,True,True,False,1420,,,1590366789.217999935150146,1590366789.217999935150146
217,1590366970,a198e5,41.785102456302965,-87.760002668513820,57.867518665118247,43.198839484277634,-2.275840000000000,EJM16   ,True,True,False,1420,,,1590366789.217999935150146,1590366789.217999935150146
218,1590366980,a198e5,41.785102456302965,-87.760002668513820,57.867518665118247,43.198839484277634,-2.275840000000000,EJM16   ,True,True,False,1420,,,1590366789.217999935150146,1590366789.217999935150146
219,1590366990,a198e5,41.785102456302965,-87.760002668513820,57.867518665118247,43.198839484277634,-2.275840000000000,EJM16   ,True,True,False,1420,,,1590366789.217999935150146,1590366789.217999935150146
220,1590367000,a198e5,41.785102456302965,-87.760002668513820,57.867518665118247,43.198839484277634,-2.275840000000000,EJM16   ,True,True,False,1420,,,1590366789.217999935150146,1590366789.217999935150146
221,1590367010,a198e5,41.785102456302965,-87.760002668513820,57.867518665118247,43.198839484277634,-2.275840000000000,EJM16   ,True,True,False,1420,,,1590366789.217999935150146,1590366789.217999935150146
222,1590367020,a198e5,41.785102456302965,-87.760002668513820,57.867518665118247,43.198839484277634,-2.275840000000000,EJM16   ,True,True,False,1420,,,1590366789.217999935150146,1590366789.217999935150146
223,1590367030,a198e5,41.785102456302965,-87.760002668513820,57.867518665118247,43.198839484277634,-2.275840000000000,EJM16   ,True,True,False,1420,,,1590366789.217999935150146,1590366789.217999935150146
224,1590367040,a198e5,41.785102456302965,-87.760002668513820,57.867518665118247,43.198839484277634,-2.275840000000000,EJM16   ,True,True,False,1420,,,1590366789.217999935150146,1590366789.217999935150146
225,1590367050,a198e5,41.785102456302965,-87.760002668513820,57.867518665118247,43.198839484277634,-2.275840000000000,EJM16   ,True,True,False,1420,,,1590366789.217999935150146,1590366789.217999935150146
226,1590367060,a198e5,41.785102456302965,-87.760002668513820,57.867518665118247,43.198839484277634,-2.275840000000000,EJM16   ,True,True,False,1420,,,1590366789.217999935150146,1590366789.217999935150146
227,1590367070,a198e5,41.785102456302965,-87.760002668513820,57.867518665118247,43.198839484277634,-2.275840000000000,EJM16   ,True,True,False,1420,,,1590366789.217999935150146,1590366789.217999935150146
228,1590367080,a198e5,41.785102456302965,-87.760002668513820,57.867518665118247,43.198839484277634,-2.275840000000000,EJM16   ,True,True,False,1420,,,1590366789.217999935150146,1590366789.217999935150146
