time,icao24,lat,lon,x2-x1,y2-y1,x3-x1,y3-y1,velocity,v2-v1,heading,h2-h1,vertrate,callsign,onground,alert,spi,squawk,baroaltitude,geoaltitude,lastposupdate,lastcontact
1590364980,89902f,46.31500761,-95.85942078,,,,,238.7208634,,123.0393963,,0,EVA056  ,FALSE,FALSE,FALSE,,11277.6,11574.78,1590364980,1590364980
1590364990,89902f,46.30681442,-95.84122467,-0.008193194,0.018196106,,,239.1522842,0.431420763,122.9721985,-0.067197723,0,EVA056  ,FALSE,FALSE,FALSE,,11277.6,11567.16,1590364987,1590364989
1590365000,89902f,46.29148865,-95.80714528,-0.015325773,0.034079389,-0.023518966,0.052275495,239.1522842,0,122.9721985,0,0,EVA056  ,FALSE,FALSE,FALSE,,11277.6,11574.78,1590365000,1590365000
1590365010,89902f,46.28083827,-95.78354645,-0.010650376,0.023598834,-0.025976149,0.057678223,239.4326501,0.280365873,123.0754761,0.103277516,0,EVA056  ,FALSE,FALSE,FALSE,1462,11277.6,11574.78,1590365009,1590365009
1590365020,89902f,46.26896745,-95.75724792,-0.011870821,0.026298523,-0.022521197,0.049897357,239.4326501,0,123.0754761,0,0,EVA056  ,FALSE,FALSE,FALSE,1462,11277.6,11574.78,1590365019,1590365019
1590365030,89902f,46.25656128,-95.72970507,-0.012406171,0.027542859,-0.024276992,0.053841382,239.8638939,0.431243884,123.0084128,-0.067063221,0,EVA056  ,FALSE,FALSE,FALSE,1462,11277.6,11574.78,1590365030,1590365030
1590365040,89902f,46.25198364,-95.71958961,-0.004577637,0.010115461,-0.016983808,0.037658319,239.4326501,-0.431243884,123.0754761,0.067063221,0,EVA056  ,FALSE,FALSE,FALSE,1462,11277.6,11574.78,1590365034,1590365036
1590365050,89902f,46.25198364,-95.71958961,0,0,-0.004577637,0.010115461,239.4326501,0,123.0754761,0,0,EVA056  ,FALSE,FALSE,FALSE,1462,11277.6,11574.78,1590365034,1590365042
1590365060,89902f,46.22561646,-95.66144245,-0.026367188,0.058147151,-0.026367188,0.058147151,239.4326501,0,123.0754761,0,0,EVA056  ,FALSE,FALSE,FALSE,1462,11277.6,11574.78,1590365057,1590365059
1590365070,89902f,46.21124268,-95.62982327,-0.014373779,0.031619188,-0.040740967,0.08976634,239.2833837,-0.149266381,123.2459231,0.17044703,0,EVA056  ,FALSE,FALSE,FALSE,1462,11277.6,11574.78,1590365068,1590365069
1590365080,89902f,46.20478821,-95.61555444,-0.006454468,0.014268829,-0.020828247,0.045888017,239.7137921,0.430408379,123.1785117,-0.067411433,0,EVA056  ,FALSE,FALSE,FALSE,1462,11277.6,11574.78,1590365074,1590365080
1590365090,89902f,46.19197083,-95.58728474,-0.012817383,0.028269698,-0.019271851,0.042538527,239.7137921,0,123.1785117,0,0,EVA056  ,FALSE,FALSE,FALSE,1462,11277.6,11574.78,1590365085,1590365087
1590365100,89902f,46.19197083,-95.58728474,0,0,-0.012817383,0.028269698,239.7137921,0,123.1785117,0,0,EVA056  ,FALSE,FALSE,FALSE,1462,11277.6,11574.78,1590365085,1590365087
1590365110,89902f,46.16348008,-95.52454376,-0.028490745,0.062740977,-0.028490745,0.062740977,239.7137921,0,123.1785117,0,0,EVA056  ,FALSE,FALSE,FALSE,1462,11277.6,11582.4,1590365110,1590365110
1590365120,89902f,46.15608215,-95.50816978,-0.007397926,0.016373983,-0.035888672,0.07911496,239.7137921,0,123.1785117,0,0,EVA056  ,FALSE,FALSE,FALSE,1462,11277.6,11582.4,1590365116,1590365119
1590365130,89902f,46.15608215,-95.50816978,0,0,-0.007397926,0.016373983,239.7137921,0,123.1785117,0,0,EVA056  ,FALSE,FALSE,FALSE,1462,11277.6,11582.4,1590365116,1590365119
1590365140,89902f,46.12782107,-95.44626617,-0.028261088,0.061903605,-0.028261088,0.061903605,240.2783935,0.564601467,123.3838578,0.205346184,0,EVA056  ,FALSE,FALSE,FALSE,1462,11277.6,11582.4,1590365140,1590365140
1590365150,89902f,46.11641577,-95.42134094,-0.011405298,0.024925232,-0.039666386,0.086828837,240.7081222,0.429728686,123.3164785,-0.067379317,0,EVA056  ,FALSE,FALSE,FALSE,1462,11277.6,11582.4,1590365149,1590365149
1590365160,89902f,46.10445184,-95.39511108,-0.011963925,0.026229858,-0.023369223,0.05115509,240.7081222,0,123.3164785,0,0,EVA056  ,FALSE,FALSE,FALSE,1612,11277.6,11582.4,1590365159,1590365159
1590365170,89902f,46.0914917,-95.36682129,-0.012960143,0.028289795,-0.024924068,0.054519653,240.7081222,0,123.3164785,0,0,EVA056  ,FALSE,FALSE,FALSE,1612,11277.6,11582.4,1590365170,1590365170
1590365180,89902f,46.08033778,-95.34237671,-0.011153916,0.02444458,-0.024114059,0.052734375,241.1381826,0.430060388,123.2493395,-0.067139073,0,EVA056  ,FALSE,FALSE,FALSE,1612,11277.6,11582.4,1590365179,1590365179
1590365190,89902f,46.07638084,-95.33379364,-0.00395694,0.008583069,-0.015110856,0.033027649,241.4206271,0.282444546,123.3514439,0.102104477,0,EVA056  ,FALSE,FALSE,FALSE,1612,11277.6,11582.4,1590365182,1590365188
1590365200,89902f,46.05910996,-95.2960968,-0.01727088,0.037696838,-0.02122782,0.046279907,241.7038366,0.283209441,123.4533095,0.101865524,0,EVA056  ,FALSE,FALSE,FALSE,1612,11277.6,11590.02,1590365197,1590365198
1590365210,89902f,46.04447937,-95.26432689,-0.014630592,0.031769915,-0.031901473,0.069466754,241.9878082,0.28397165,123.5549362,0.101626767,0,EVA056  ,FALSE,FALSE,FALSE,1612,11277.6,11590.02,1590365209,1590365209
1590365220,89902f,46.03173725,-95.23670197,-0.012742123,0.027624921,-0.027372716,0.059394836,242.4166901,0.428881884,123.4877289,-0.067207275,0,EVA056  ,FALSE,FALSE,FALSE,1612,11277.6,11590.02,1590365220,1590365220
1590365230,89902f,46.02250671,-95.21663014,-0.009230533,0.020071821,-0.021972656,0.047696742,242.8459044,0.429214247,123.4207591,-0.066969798,0,EVA056  ,FALSE,FALSE,FALSE,1612,11277.6,11590.02,1590365228,1590365229
1590365240,89902f,46.00822449,-95.18554688,-0.014282227,0.03108327,-0.023512759,0.05115509,242.8459044,0,123.4207591,0,0,EVA056  ,FALSE,FALSE,FALSE,1612,11277.6,11590.02,1590365239,1590365239
1590365250,89902f,45.99604797,-95.15915289,-0.012176514,0.026393983,-0.02645874,0.057477253,243.1296306,0.283726258,123.5219466,0.101187442,0,EVA056  ,FALSE,FALSE,FALSE,1612,11277.6,11590.02,1590365250,1590365250
1590365260,89902f,45.98506165,-95.1354385,-0.010986328,0.023714391,-0.023162842,0.050108375,243.4141134,0.284482797,123.6228978,0.100951237,0,EVA056  ,FALSE,FALSE,FALSE,1612,11277.6,11590.02,1590365259,1590365259
1590365270,89902f,45.97348022,-95.11025033,-0.011581421,0.025188167,-0.022567749,0.048902558,243.9880498,0.573936371,123.3885136,-0.234384251,0,EVA056  ,FALSE,FALSE,FALSE,1612,11277.6,11590.02,1590365268,1590365269
1590365280,89902f,45.96418995,-95.09010315,-0.009290275,0.020147184,-0.020871696,0.045335351,243.9880498,0,123.3885136,0,0,EVA056  ,FALSE,FALSE,FALSE,1612,11277.6,11590.02,1590365276,1590365278
1590365290,89902f,45.94821167,-95.05551966,-0.01597828,0.034583487,-0.025268555,0.054730671,243.8426573,-0.145392456,123.5559641,0.167450556,0,EVA056  ,FALSE,FALSE,FALSE,1612,11277.6,11590.02,1590365289,1590365289
1590365300,89902f,45.93597929,-95.02906036,-0.012232376,0.026459298,-0.028210656,0.061042786,244.1273933,0.284735979,123.6565808,0.100616676,0,EVA056  ,FALSE,FALSE,FALSE,1612,11277.6,11597.64,1590365299,1590365299
1590365310,89902f,45.92285156,-95.00085598,-0.013127731,0.028204383,-0.025360107,0.054663681,244.1273933,0,123.6565808,0,0,EVA056  ,FALSE,FALSE,FALSE,1612,11277.6,11597.64,1590365310,1590365310
1590365320,89902f,45.91667175,-94.98752501,-0.00617981,0.013330971,-0.019307541,0.041535354,244.1273933,0,123.6565808,0,0,EVA056  ,FALSE,FALSE,FALSE,1612,11277.6,11597.64,1590365315,1590365319
1590365330,89902f,45.89943579,-94.95043945,-0.017235966,0.037085556,-0.023415776,0.050416528,243.6993501,-0.428043208,123.7236131,0.067032252,0,EVA056  ,FALSE,FALSE,FALSE,1612,11277.6,11597.64,1590365330,1590365330
1590365340,89902f,45.88632202,-94.92227694,-0.013113765,0.028162514,-0.030349731,0.065248071,243.6993501,0,123.7236131,0,0,EVA056  ,FALSE,FALSE,FALSE,1612,11277.6,11597.64,1590365340,1590365340
1590365350,89902f,45.87546138,-94.89887238,-0.010860637,0.023404563,-0.023974402,0.051567078,243.4141134,-0.285236687,123.6228978,-0.100715234,0,EVA056  ,FALSE,FALSE,FALSE,1612,11277.6,11597.64,1590365349,1590365349
1590365360,89902f,45.86251986,-94.87099457,-0.012941522,0.027877808,-0.023802159,0.051282371,243.4141134,0,123.6228978,0,0,EVA056  ,FALSE,FALSE,FALSE,1612,11277.6,11597.64,1590365360,1590365360
1590365370,89902f,45.85102146,-94.84627533,-0.011498403,0.024719238,-0.024439925,0.052597046,242.9859029,-0.428210551,123.6900675,0.067169699,0,EVA056  ,FALSE,FALSE,FALSE,1612,11277.6,11597.64,1590365369,1590365369
1590365380,89902f,45.8392903,-94.8211441,-0.011731164,0.025131226,-0.023229567,0.049850464,242.417236,-0.568666888,123.9261288,0.236061323,0,EVA056  ,FALSE,FALSE,FALSE,1612,11277.6,11597.64,1590365379,1590365379
1590365390,89902f,45.82594299,-94.79271865,-0.013347302,0.028425449,-0.025078466,0.053556675,242.417236,0,123.9261288,0,0,EVA056  ,FALSE,FALSE,FALSE,1612,11277.6,11597.64,1590365390,1590365390
1590365400,89902f,45.81468201,-94.76866931,-0.011260986,0.02404934,-0.024608289,0.05247479,242.5580274,0.140791466,123.7574743,-0.168654554,0,EVA056  ,FALSE,FALSE,FALSE,1612,11277.6,11597.64,1590365399,1590365399
1590365410,89902f,45.80316576,-94.74403381,-0.011516248,0.024635501,-0.022777234,0.048684841,242.5580274,0,123.7574743,0,0,EVA056  ,FALSE,FALSE,FALSE,1612,11277.6,11597.64,1590365409,1590365409
1590365420,89902f,45.78959656,-94.71507747,-0.013569201,0.028956343,-0.025085449,0.053591845,242.5580274,0,123.7574743,0,0,EVA056  ,FALSE,FALSE,FALSE,1612,11277.6,11597.64,1590365420,1590365420
1590365430,89902f,45.77819824,-94.69076017,-0.011398315,0.024317299,-0.024967517,0.053273643,242.5580274,0,123.7574743,0,0,EVA056  ,FALSE,FALSE,FALSE,1612,11277.6,11605.26,1590365429,1590365429
1590365440,89902f,45.7655981,-94.66390228,-0.012600139,0.026857888,-0.023998454,0.051175187,242.5580274,0,123.7574743,0,0,EVA056  ,FALSE,FALSE,FALSE,1612,11277.6,11605.26,1590365439,1590365439
1590365450,89902f,45.75361633,-94.63830715,-0.01198177,0.02559513,-0.024581909,0.052453018,242.5580274,0,123.7574743,0,0,EVA056  ,FALSE,FALSE,FALSE,1612,11277.6,11605.26,1590365450,1590365450
1590365460,89902f,45.74427795,-94.61834419,-0.009338379,0.019962962,-0.021320149,0.045558092,242.5580274,0,123.7574743,0,0,EVA056  ,FALSE,FALSE,FALSE,1612,11277.6,11605.26,1590365457,1590365459
1590365470,89902f,45.73114014,-94.59040944,-0.013137817,0.027934749,-0.022476196,0.047897711,242.7047347,0.146707233,124.0268995,0.26942521,0,EVA056  ,FALSE,FALSE,FALSE,1612,11277.6,11605.26,1590365469,1590365470
1590365480,89902f,45.71844069,-94.56358337,-0.01269945,0.026826068,-0.025837268,0.054760817,243.1312634,0.426528725,123.9590598,-0.067839684,0,EVA056  ,FALSE,FALSE,FALSE,1612,11277.6,11605.26,1590365479,1590365480
1590365490,89902f,45.7061509,-94.53742218,-0.012289791,0.026161194,-0.024989241,0.052987262,243.2716416,0.140378229,123.7908811,-0.168178709,0,EVA056  ,FALSE,FALSE,FALSE,1612,11277.6,11605.26,1590365489,1590365489
1590365500,89902f,45.69493181,-94.51359558,-0.011219089,0.023826599,-0.02350888,0.049987793,243.1312634,-0.140378229,123.9590598,0.168178709,0,EVA056  ,FALSE,FALSE,FALSE,1612,11277.6,11605.26,1590365498,1590365499
1590365510,89902f,45.68051147,-94.48309177,-0.014420332,0.030503808,-0.025639421,0.054330407,243.8453707,0.71410727,123.9917979,0.032738103,0,EVA056  ,FALSE,FALSE,FALSE,1612,11277.6,11605.26,1590365510,1590365510
1590365520,89902f,45.66778564,-94.45616187,-0.01272583,0.026929902,-0.027146162,0.05743371,243.8453707,0,123.9917979,0,0,EVA056  ,FALSE,FALSE,FALSE,1612,11277.6,11605.26,1590365520,1590365520
1590365530,89902f,45.65625,-94.43177758,-0.011535645,0.024384289,-0.024261475,0.051314191,244.1333557,0.287984985,124.0919016,0.100103666,0,EVA056  ,FALSE,FALSE,FALSE,1612,11277.6,11605.26,1590365529,1590365529
1590365540,89902f,45.64391055,-94.4058609,-0.012339447,0.025916681,-0.023875091,0.05030097,244.5595571,0.426201432,124.0243448,-0.067556762,0,EVA056  ,FALSE,FALSE,FALSE,1612,11277.6,11605.26,1590365539,1590365540
1590365550,89902f,45.63064317,-94.37784576,-0.013267388,0.028015137,-0.025606834,0.053931818,244.5595571,0,124.0243448,0,0,EVA056  ,FALSE,FALSE,FALSE,1612,11277.6,11612.88,1590365550,1590365550
1590365560,89902f,45.61907959,-94.3534665,-0.011563576,0.024379265,-0.024830964,0.052394402,244.5595571,0,124.0243448,0,0,EVA056  ,FALSE,FALSE,FALSE,1612,11277.6,11612.88,1590365559,1590365559
1590365570,89902f,45.60704041,-94.32807736,-0.012039185,0.025389136,-0.02360276,0.049768401,244.5595571,0,124.0243448,0,0,EVA056  ,FALSE,FALSE,FALSE,1612,11277.6,11612.88,1590365569,1590365570
1590365580,89902f,45.59447208,-94.30162811,-0.012568328,0.02644925,-0.024607513,0.051838386,244.8477829,0.28822586,124.1241182,0.099773331,0,EVA056  ,FALSE,FALSE,FALSE,1612,11277.6,11612.88,1590365579,1590365580
1590365590,89902f,45.58227539,-94.27602628,-0.012196686,0.025601829,-0.024765015,0.052051079,244.4220841,-0.425698849,124.1917691,0.067650902,0,EVA056  ,FALSE,FALSE,FALSE,1612,11277.6,11612.88,1590365589,1590365590
1590365600,89902f,45.56982422,-94.24990026,-0.012451172,0.026126024,-0.024647858,0.051727853,244.4220841,0,124.1917691,0,0,EVA056  ,FALSE,FALSE,FALSE,1612,11277.6,11612.88,1590365600,1590365600
1590365610,89902f,45.55888367,-94.22692276,-0.010940552,0.022977503,-0.023391724,0.049103528,244.4220841,0,124.1917691,0,0,EVA056  ,FALSE,FALSE,FALSE,1462,11277.6,11612.88,1590365609,1590365609
1590365620,89902f,45.54535947,-94.19851908,-0.013524201,0.028403678,-0.024464753,0.051381181,243.9967272,-0.425356905,124.2596559,0.067886867,0,EVA056  ,FALSE,FALSE,FALSE,1462,11277.6,11620.5,1590365620,1590365620
1590365630,89902f,45.5322876,-94.17120797,-0.013071868,0.027311106,-0.026596069,0.055714783,243.9967272,0,124.2596559,0,0,EVA056  ,FALSE,FALSE,FALSE,1462,11277.6,11620.5,1590365630,1590365630
1590365640,89902f,45.52171326,-94.14903913,-0.010574341,0.022168841,-0.023646209,0.049479946,243.9967272,0,124.2596559,0,0,EVA056  ,FALSE,FALSE,FALSE,1462,11277.6,11620.5,1590365639,1590365639
1590365650,89902f,45.50816423,-94.12074391,-0.013549029,0.028295218,-0.02412337,0.050464059,243.7074948,-0.289232377,124.1596945,-0.099961381,0,EVA056  ,FALSE,FALSE,FALSE,1462,11277.6,11620.5,1590365650,1590365650
1590365660,89902f,45.49598694,-94.0952192,-0.01217729,0.025524711,-0.025726318,0.053819929,243.7074948,0,124.1596945,0,0,EVA056  ,FALSE,FALSE,FALSE,1462,11277.6,11620.5,1590365659,1590365660
1590365670,89902f,45.48316956,-94.06853812,-0.012817383,0.026681083,-0.024994672,0.052205794,243.571714,-0.135780793,124.3277798,0.168085258,0,EVA056  ,FALSE,FALSE,FALSE,1462,11277.6,11620.5,1590365670,1590365670
1590365680,89902f,45.47071838,-94.04264178,-0.012451172,0.025896345,-0.025268555,0.052577427,243.571714,0,124.3277798,0,0,EVA056  ,FALSE,FALSE,FALSE,1462,11277.6,11620.5,1590365680,1590365680
1590365690,89902f,45.45936584,-94.01896885,-0.011352539,0.023672921,-0.023803711,0.049569266,243.2819764,-0.289737665,124.2277247,-0.100055055,0,EVA056  ,FALSE,FALSE,FALSE,1462,11277.6,11620.5,1590365689,1590365690
1590365700,89902f,45.44595337,-93.99104527,-0.013412476,0.027923584,-0.024765015,0.051596505,243.571714,0.289737665,124.3277798,0.100055055,0,EVA056  ,FALSE,FALSE,FALSE,1462,11277.6,11620.5,1590365700,1590365700
1590365710,89902f,45.4338203,-93.96593047,-0.012133065,0.025114797,-0.025545541,0.053038381,243.8621927,0.290478677,124.4275968,0.099816996,0,EVA056  ,FALSE,FALSE,FALSE,1462,11277.6,11620.5,1590365710,1590365710
1590365720,89902f,45.42260742,-93.94258772,-0.011212882,0.023342757,-0.023345947,0.048457554,243.571714,-0.290478677,124.3277798,-0.099816996,0,EVA056  ,FALSE,FALSE,FALSE,1462,11277.6,11620.5,1590365719,1590365720
1590365730,89902f,45.40988159,-93.91616821,-0.01272583,0.026419503,-0.023938712,0.049762261,243.571714,0,124.3277798,0,0,EVA056  ,FALSE,FALSE,FALSE,1462,11277.6,11620.5,1590365730,1590365730
1590365740,89902f,45.39653196,-93.88849026,-0.01334963,0.027677955,-0.02607546,0.054097458,243.571714,0,124.3277798,0,0,EVA056  ,FALSE,FALSE,FALSE,1462,11277.6,11620.5,1590365740,1590365740
1590365750,89902f,45.38406372,-93.86260986,-0.012468241,0.025880395,-0.025817871,0.05355835,243.8621927,0.290478677,124.4275968,0.099816996,0,EVA056  ,FALSE,FALSE,FALSE,1462,11277.6,11620.5,1590365750,1590365750
1590365760,89902f,45.37167307,-93.8369751,-0.012390654,0.025634766,-0.024858895,0.051515161,244.1534097,0.291217045,124.527176,0.099579182,0,EVA056  ,FALSE,FALSE,FALSE,1462,11277.6,11628.12,1590365760,1590365760
1590365770,89902f,45.35938328,-93.81158596,-0.012289791,0.025389136,-0.024680445,0.051023902,244.1534097,0,124.527176,0,0,EVA056  ,FALSE,FALSE,FALSE,1462,11277.6,11628.12,1590365770,1590365770
1590365780,89902f,45.34671021,-93.78544399,-0.012673071,0.026141974,-0.024962862,0.05153111,244.1534097,0,124.527176,0,0.32512,EVA056  ,FALSE,FALSE,FALSE,1462,11277.6,11628.12,1590365780,1590365780
1590365790,89902f,45.3348999,-93.76111712,-0.011810303,0.024326869,-0.024483374,0.050468844,244.5774121,0.424002333,124.4588679,-0.068308082,0,EVA056  ,FALSE,FALSE,FALSE,1462,11277.6,11628.12,1590365790,1590365790
1590365800,89902f,45.32244873,-93.73541696,-0.012451172,0.02570016,-0.024261475,0.05002703,244.5774121,0,124.4588679,0,0,EVA056  ,FALSE,FALSE,FALSE,1462,11277.6,11628.12,1590365800,1590365800
1590365810,89902f,45.31027067,-93.71029738,-0.012178065,0.025119582,-0.024629237,0.050819743,244.5774121,0,124.4588679,0,0,EVA056  ,FALSE,FALSE,FALSE,1462,11277.6,11628.12,1590365810,1590365810
1590365820,89902f,45.29786682,-93.68460519,-0.012403844,0.025692185,-0.024581909,0.050811768,244.5774121,0,124.4588679,0,0,EVA056  ,FALSE,FALSE,FALSE,1462,11277.6,11635.74,1590365819,1590365820
1590365830,89902f,45.28569108,-93.6595191,-0.012175738,0.025086087,-0.024579582,0.050778273,244.1534097,-0.424002333,124.527176,0.068308082,0,EVA056  ,FALSE,FALSE,FALSE,1462,11277.6,11635.74,1590365829,1590365830
1590365840,89902f,45.27302887,-93.63346007,-0.012662209,0.026059034,-0.024837946,0.051145122,243.7297556,-0.4236541,124.5957216,0.068545647,0,EVA056  ,FALSE,FALSE,FALSE,1462,11277.6,11635.74,1590365839,1590365840
1590365850,89902f,45.26014709,-93.60691616,-0.01288178,0.026543913,-0.025543989,0.052602947,243.4380318,-0.291723849,124.4960511,-0.099670512,0,EVA056  ,FALSE,FALSE,FALSE,1462,11277.6,11635.74,1590365850,1590365850
1590365860,89902f,45.24751825,-93.58094006,-0.012628846,0.025976095,-0.025510626,0.052520008,243.0142196,-0.423812198,124.5647443,0.068693181,0,EVA056  ,FALSE,FALSE,FALSE,1462,11277.6,11635.74,1590365860,1590365860
1590365870,89902f,45.23570251,-93.55682373,-0.011815734,0.02411633,-0.02444458,0.050092425,242.8834994,-0.130720167,124.7335298,0.168785504,0,EVA056  ,FALSE,FALSE,FALSE,1462,11277.6,11635.74,1590365869,1590365870
1590365880,89902f,45.22293091,-93.53066581,-0.012771606,0.026157924,-0.02458734,0.050274254,243.3064516,0.422952166,124.6645059,-0.069023916,0,EVA056  ,FALSE,FALSE,FALSE,1462,11277.6,11635.74,1590365880,1590365880
1590365890,89902f,45.21102905,-93.50627354,-0.011901855,0.024392264,-0.024673462,0.050550188,243.3064516,0,124.6645059,0,0,EVA056  ,FALSE,FALSE,FALSE,1462,11277.6,11635.74,1590365889,1590365890
1590365900,89902f,45.19821167,-93.48011562,-0.012817383,0.026157924,-0.024719238,0.050550188,243.1769768,-0.129474761,124.8331415,0.168635609,0,EVA056  ,FALSE,FALSE,FALSE,1462,11277.6,11635.74,1590365900,1590365900
1590365910,89902f,45.18551067,-93.45426234,-0.012701002,0.02585328,-0.025518385,0.052011204,243.5994195,0.422442613,124.7640278,-0.069113679,0,EVA056  ,FALSE,FALSE,FALSE,1462,11277.6,11635.74,1590365910,1590365910
1590365920,89902f,45.17326743,-93.42940912,-0.012243239,0.024853218,-0.024944241,0.050706498,243.4711875,-0.128231964,124.9325127,0.16848493,0,EVA056  ,FALSE,FALSE,FALSE,1462,11277.6,11635.74,1590365920,1590365920
1590365930,89902f,45.16053772,-93.40438843,-0.012729709,0.025020692,-0.024972948,0.04987391,242.1069879,-1.364199555,126.3585592,1.426046428,0,EVA056  ,FALSE,FALSE,FALSE,1462,11277.6,11635.74,1590365930,1590365930
1590365940,89902f,45.14715162,-93.37950171,-0.013386096,0.024886713,-0.026115805,0.049907405,240.986678,-1.120309921,127.6282518,1.269692633,0,EVA056  ,FALSE,FALSE,FALSE,1462,11277.6,11643.36,1590365940,1590365940
1590365950,89902f,45.13371277,-93.3556039,-0.013438855,0.023897816,-0.026824951,0.048784528,240.3092319,-0.677446104,129.0046132,1.37636139,0,EVA056  ,FALSE,FALSE,FALSE,1462,11277.6,11643.36,1590365950,1590365950
1590365960,89902f,45.12020874,-93.33278111,-0.013504028,0.022822789,-0.026942884,0.046720604,239.1058013,-1.203430622,130.2001639,1.19555069,0,EVA056  ,FALSE,FALSE,FALSE,1462,11277.6,11643.36,1590365960,1590365960
1590365970,89902f,45.10637186,-93.31043523,-0.013836877,0.022345885,-0.027340905,0.045168674,238.3047653,-0.801035997,131.6746263,1.474462413,0,EVA056  ,FALSE,FALSE,FALSE,1462,11277.6,11643.36,1590365970,1590365970
1590365980,89902f,45.09159851,-93.28700474,-0.014773353,0.023430482,-0.028610229,0.045776367,238.3047653,0,131.6746263,0,0,EVA056  ,FALSE,FALSE,FALSE,1462,11277.6,11643.36,1590365980,1590365980
1590365990,89902f,45.07795715,-93.26529367,-0.013641357,0.021711077,-0.02841471,0.045141559,238.3480733,0.04330805,131.5000309,-0.174595438,0,EVA056  ,FALSE,FALSE,FALSE,3670,11277.6,11643.36,1590365990,1590365990
1590366000,89902f,45.06362915,-93.24240548,-0.014328003,0.022888184,-0.02796936,0.044599261,238.3480733,0,131.5000309,0,0,EVA056  ,FALSE,FALSE,FALSE,3670,11277.6,11643.36,1590366000,1590366000
1590366010,89902f,45.04925537,-93.21958269,-0.014373779,0.022822789,-0.028701782,0.045710972,238.6892654,0.341192091,131.5925186,0.092487699,0,EVA056  ,FALSE,FALSE,FALSE,3670,11277.6,11643.36,1590366010,1590366010
1590366020,89902f,45.03491418,-93.19675353,-0.014341193,0.022829169,-0.028714972,0.045651958,238.6892654,0,131.5925186,0,0,EVA056  ,FALSE,FALSE,FALSE,3670,11277.6,11643.36,1590366020,1590366020
1590366030,89902f,45.02057609,-93.17397699,-0.014338089,0.022776534,-0.028679282,0.045605703,238.3480733,-0.341192091,131.5000309,-0.092487699,0,EVA056  ,FALSE,FALSE,FALSE,7041,11277.6,11643.36,1590366030,1590366030
1590366040,89902f,45.00651731,-93.1516024,-0.014058776,0.022374595,-0.028396865,0.045151129,237.9630219,-0.385051438,131.5821069,0.082076012,0,EVA056  ,FALSE,FALSE,FALSE,7041,11277.6,11643.36,1590366040,1590366040
1590366050,89902f,44.99255164,-93.12956275,-0.013965671,0.022039646,-0.028024447,0.044414241,238.3047653,0.341743387,131.6746263,0.092519426,0,EVA056  ,FALSE,FALSE,FALSE,7041,11277.6,11643.36,1590366050,1590366050
1590366060,89902f,44.97793424,-93.10638428,-0.014617403,0.023178473,-0.028583074,0.045218119,238.3047653,0,131.6746263,0,0,EVA056  ,FALSE,FALSE,FALSE,7041,11277.6,11643.36,1590366060,1590366060
1590366070,89902f,44.96401512,-93.08434463,-0.013919119,0.022039646,-0.028536522,0.045218119,237.5784604,-0.726304932,131.6644488,-0.010177536,0,EVA056  ,FALSE,FALSE,FALSE,7041,11277.6,11650.98,1590366070,1590366070
1590366080,89902f,44.95010376,-93.06230818,-0.01391136,0.022036456,-0.02783048,0.044076102,237.5784604,0,131.6644488,0,0,EVA056  ,FALSE,FALSE,FALSE,7041,11277.6,11650.98,1590366079,1590366080
1590366090,89902f,44.93524584,-93.03872457,-0.014857923,0.023583602,-0.028769283,0.045620058,237.5784604,0,131.6644488,0,0,EVA056  ,FALSE,FALSE,FALSE,7041,11277.6,11650.98,1590366090,1590366090
1590366100,89902f,44.9213562,-93.01679339,-0.013889636,0.021931186,-0.028747559,0.045514788,237.5784604,0,131.6644488,0,0,EVA056  ,FALSE,FALSE,FALSE,7041,11277.6,11650.98,1590366100,1590366100
1590366110,89902f,44.9070282,-92.99416678,-0.014328003,0.022626604,-0.028217639,0.044557791,237.1943911,-0.384069268,131.7470575,0.08260872,0,EVA056  ,FALSE,FALSE,FALSE,7041,11277.6,11650.98,1590366110,1590366110
1590366120,89902f,44.89311218,-92.97219413,-0.013916016,0.021972656,-0.028244019,0.044599261,237.1943911,0,131.7470575,0,0,EVA056  ,FALSE,FALSE,FALSE,7041,11277.6,11650.98,1590366120,1590366120
1590366130,89902f,44.87863832,-92.94936017,-0.014473867,0.022833954,-0.028389882,0.04480661,237.5784604,0.384069268,131.6644488,-0.08260872,0,EVA056  ,FALSE,FALSE,FALSE,7041,11277.6,11650.98,1590366130,1590366130
1590366140,89902f,44.86541748,-92.92857579,-0.013220836,0.020784385,-0.027694702,0.043618338,237.1943911,-0.384069268,131.7470575,0.08260872,0,EVA056  ,FALSE,FALSE,FALSE,7041,11277.6,11650.98,1590366139,1590366140
1590366150,89902f,44.85010179,-92.90441001,-0.015315686,0.024165775,-0.028536522,0.04495016,237.5372403,0.342849214,131.8396384,0.092580891,0,EVA056  ,FALSE,FALSE,FALSE,7041,11277.6,11650.98,1590366150,1590366150
1590366160,89902f,44.83604302,-92.88230338,-0.014058776,0.022106636,-0.029374462,0.046272411,237.5372403,0,131.8396384,0,0,EVA056  ,FALSE,FALSE,FALSE,7041,11277.6,11650.98,1590366160,1590366160
1590366170,89902f,44.82206726,-92.8604344,-0.013975758,0.021868982,-0.028034533,0.043975617,237.5372403,0,131.8396384,0,0.32512,EVA056  ,FALSE,FALSE,FALSE,7041,11277.6,11650.98,1590366170,1590366170
1590366180,89902f,44.80741882,-92.83741542,-0.014648438,0.023018973,-0.028624195,0.044887955,237.9207561,0.383515816,131.7569993,-0.082639118,0,EVA056  ,FALSE,FALSE,FALSE,7041,11277.6,11650.98,1590366180,1590366180
1590366190,89902f,44.79373169,-92.81596592,-0.013687134,0.021449498,-0.028335571,0.044468471,238.2636709,0.342914768,131.8492836,0.092284331,0,EVA056  ,FALSE,FALSE,FALSE,7041,11277.6,11650.98,1590366190,1590366190
1590366200,89902f,44.77915618,-92.79313995,-0.014575506,0.022825979,-0.028262639,0.044275477,237.8807079,-0.382962962,131.9319522,0.08266857,0,EVA056  ,FALSE,FALSE,FALSE,7041,11277.6,11650.98,1590366200,1590366200
1590366210,89902f,44.76505086,-92.77103331,-0.014105328,0.022106636,-0.028680834,0.044932615,237.8807079,0,131.9319522,0,0,EVA056  ,FALSE,FALSE,FALSE,7041,11277.6,11650.98,1590366210,1590366210
1590366220,89902f,44.75034035,-92.74805581,-0.014710507,0.022977503,-0.028815835,0.045084139,237.8807079,0,131.9319522,0,0,EVA056  ,FALSE,FALSE,FALSE,7041,11277.6,11650.98,1590366220,1590366220
1590366230,89902f,44.73651123,-92.72650582,-0.013829118,0.021549982,-0.028539625,0.044527486,237.4982418,-0.382466149,132.0148872,0.082935001,0,EVA056  ,FALSE,FALSE,FALSE,7041,11277.6,11650.98,1590366230,1590366230
1590366240,89902f,44.72241211,-92.70446777,-0.014099121,0.022038051,-0.027928239,0.043588034,237.8807079,0.382466149,131.9319522,-0.082935001,0,EVA056  ,FALSE,FALSE,FALSE,7041,11277.6,11650.98,1590366240,1590366240
1590366250,89902f,44.70812988,-92.68216814,-0.014282227,0.02229963,-0.028381348,0.044337681,237.8807079,0,131.9319522,0,0,EVA056  ,FALSE,FALSE,FALSE,7041,11277.6,11650.98,1590366250,1590366250
1590366260,89902f,44.69382593,-92.65989722,-0.014303951,0.02227092,-0.028586178,0.044570551,237.4982418,-0.382466149,132.0148872,0.082935001,0,EVA056  ,FALSE,FALSE,FALSE,7041,11277.6,11650.98,1590366260,1590366260
1590366270,89902f,44.6797206,-92.63792457,-0.014105328,0.021972656,-0.028409279,0.044243577,237.4982418,0,132.0148872,0,0,EVA056  ,FALSE,FALSE,FALSE,7041,11277.6,11650.98,1590366269,1590366270
1590366280,89902f,44.66542907,-92.61568395,-0.014291537,0.022240615,-0.028396865,0.044213272,237.1542202,-0.344021543,131.9225446,-0.092342557,0,EVA056  ,FALSE,TRUE,TRUE,7041,11277.6,11650.98,1590366280,1590366280
1590366290,89902f,44.6504858,-92.59243849,-0.014943268,0.023245463,-0.029234805,0.045486078,236.7716983,-0.382521917,132.0057189,0.083174283,0,EVA056  ,FALSE,FALSE,FALSE,7041,11277.6,11650.98,1590366290,1590366290
1590366300,89902f,44.63679944,-92.57120272,-0.013686358,0.021235768,-0.028629626,0.044481231,236.7716983,0,132.0057189,0,0,EVA056  ,FALSE,FALSE,FALSE,7041,11277.6,11658.6,1590366300,1590366300
1590366310,89902f,44.62316895,-92.54993984,-0.013630495,0.021262883,-0.027316853,0.042498652,236.7716983,0,132.0057189,0,0,EVA056  ,FALSE,FALSE,FALSE,7041,11277.6,11658.6,1590366309,1590366310
1590366320,89902f,44.60835602,-92.52692246,-0.014812922,0.023017378,-0.028443417,0.044280262,236.7716983,0,132.0057189,0,0,EVA056  ,FALSE,FALSE,FALSE,7041,11277.6,11658.6,1590366320,1590366320
1590366330,89902f,44.59455872,-92.50547137,-0.013797307,0.021451093,-0.028610229,0.044468471,236.7716983,0,132.0057189,0,0,EVA056  ,FALSE,FALSE,FALSE,7041,11277.6,11658.6,1590366329,1590366330
1590366340,89902f,44.5797264,-92.48244123,-0.014832319,0.023030138,-0.028629626,0.044481231,237.1162748,0.344576527,132.0980895,0.092370647,0,EVA056  ,FALSE,FALSE,FALSE,7041,11277.6,11658.6,1590366340,1590366340
1590366350,89902f,44.56585693,-92.46100289,-0.013869463,0.021438333,-0.028701782,0.044468471,237.1162748,0,132.0980895,0,0,EVA056  ,FALSE,FALSE,FALSE,7041,11277.6,11658.6,1590366349,1590366350
1590366360,89902f,44.55156229,-92.43889785,-0.01429464,0.022105041,-0.028164104,0.043543374,237.4614659,0.345191026,132.1901919,0.092102333,0,EVA056  ,FALSE,FALSE,FALSE,7041,11277.6,11658.6,1590366359,1590366360
1590366370,89902f,44.53675868,-92.41612132,-0.014803612,0.022776534,-0.029098252,0.044881575,238.1881276,0.726661682,132.1987708,0.008578978,0,EVA056  ,FALSE,FALSE,FALSE,7041,11277.6,11658.6,1590366370,1590366370
1590366380,89902f,44.5221405,-92.39351545,-0.014618179,0.022605869,-0.02942179,0.045382403,238.1881276,0,132.1987708,0,0,EVA056  ,FALSE,FALSE,FALSE,7041,11277.6,11658.6,1590366380,1590366380
1590366390,89902f,44.50790405,-92.37154279,-0.01423645,0.021972656,-0.028854629,0.044578526,238.1881276,0,132.1987708,0,0,EVA056  ,FALSE,FALSE,FALSE,7041,11277.6,11658.6,1590366390,1590366390
1590366400,89902f,44.49412537,-92.35022409,-0.013778687,0.021318708,-0.028015137,0.043291364,238.5694877,0.381360151,132.1157811,-0.082989735,0,EVA056  ,FALSE,FALSE,FALSE,7041,11277.6,11658.6,1590366399,1590366400
1590366410,89902f,44.47929382,-92.3274013,-0.014831543,0.022822789,-0.028610229,0.044141497,238.1881276,-0.381360151,132.1987708,0.082989735,0,EVA056  ,FALSE,FALSE,FALSE,7041,11277.6,11658.6,1590366410,1590366410
1590366420,89902f,44.46464927,-92.30485125,-0.014644558,0.022550045,-0.029476101,0.045372833,238.1881276,0,132.1987708,0,0,EVA056  ,FALSE,FALSE,FALSE,7041,11277.6,11666.22,1590366420,1590366420
1590366430,89902f,44.4508698,-92.28361548,-0.013779462,0.021235768,-0.028424021,0.043785813,238.1881276,0,132.1987708,0,0,EVA056  ,FALSE,FALSE,FALSE,7041,11277.6,11666.22,1590366430,1590366430
1590366440,89902f,44.4363455,-92.26124089,-0.014524298,0.022374595,-0.028303761,0.043610363,238.1881276,0,132.1987708,0,0,EVA056  ,FALSE,FALSE,FALSE,7041,11277.6,11666.22,1590366440,1590366440
1590366450,89902f,44.42149534,-92.23846436,-0.014850164,0.022776534,-0.029374462,0.045151129,238.5339865,0.345858904,132.2903133,0.091542501,0,EVA056  ,FALSE,FALSE,FALSE,7041,11277.6,11666.22,1590366450,1590366450
1590366460,89902f,44.40692449,-92.21615675,-0.01457085,0.022307605,-0.029421014,0.045084139,238.5339865,0,132.2903133,0,0,EVA056  ,FALSE,FALSE,FALSE,7041,11277.6,11666.22,1590366460,1590366460
1590366470,89902f,44.39398297,-92.19626078,-0.012941522,0.019895972,-0.027512373,0.042203578,238.5339865,0,132.2903133,0,-2.27584,EVA056  ,FALSE,FALSE,FALSE,7041,11269.98,11658.6,1590366469,1590366470
1590366480,89902f,44.37843452,-92.17241241,-0.015548447,0.023848371,-0.02848997,0.043744343,238.1536807,-0.380305729,132.3735944,0.083281018,-6.17728,EVA056  ,FALSE,FALSE,FALSE,7041,11231.88,11628.12,1590366480,1590366480
1590366490,89902f,44.36400333,-92.15037276,-0.014431194,0.022039646,-0.029979641,0.045888017,238.5006992,0.347018511,132.4648959,0.091301556,-9.10336,EVA056  ,FALSE,FALSE,FALSE,7041,11148.06,11544.3,1590366490,1590366490
1590366500,89902f,44.3497467,-92.12873186,-0.014256623,0.021640897,-0.028687817,0.043680543,239.5751955,1.074496244,132.5633518,0.098455835,-8.128,EVA056  ,FALSE,FALSE,FALSE,7041,11064.24,11460.48,1590366500,1590366500
1590366510,89902f,44.33509439,-92.10636046,-0.014652317,0.022371405,-0.02890894,0.044012302,239.9874368,0.412241281,132.3067363,-0.256615437,-7.15264,EVA056  ,FALSE,FALSE,FALSE,7041,10988.04,11384.28,1590366510,1590366510
1590366520,89902f,44.32070975,-92.08432081,-0.014384641,0.022039646,-0.029036958,0.044411051,240.3681443,0.380707488,132.2241966,-0.082539765,-6.5024,EVA056  ,FALSE,FALSE,FALSE,7041,10927.08,11315.7,1590366520,1590366520
1590366530,89902f,44.30618545,-92.06214719,-0.014524298,0.022173626,-0.02890894,0.044213272,240.3340099,-0.034134365,132.3974378,0.173241246,-6.82752,EVA056  ,FALSE,FALSE,FALSE,7041,10858.5,11247.12,1590366530,1590366530
1590366540,89902f,44.29235943,-92.0410454,-0.013826015,0.021101789,-0.028350313,0.043275414,240.6811836,0.347173668,132.4878778,0.090440041,-7.15264,EVA056  ,FALSE,FALSE,FALSE,7041,10789.92,11178.54,1590366539,1590366540
1590366550,89902f,44.27641296,-92.01684134,-0.015946469,0.024204055,-0.029772484,0.045305844,240.6811836,0,132.4878778,0,-7.15264,EVA056  ,FALSE,FALSE,FALSE,7041,10713.72,11109.96,1590366550,1590366550
1590366560,89902f,44.26222229,-91.99532645,-0.014190674,0.021514893,-0.030137143,0.045718947,241.0607954,0.379611856,132.4052898,-0.082588077,-7.80288,EVA056  ,FALSE,FALSE,FALSE,7041,10645.14,11033.76,1590366560,1590366560
1590366570,89902f,44.24816895,-91.97394235,-0.014053345,0.021384103,-0.028244019,0.042898996,241.4080202,0.347224751,132.4954462,0.090156459,-7.15264,EVA056  ,FALSE,FALSE,FALSE,7041,10568.94,10957.56,1590366569,1590366570
1590366580,89902f,44.23323809,-91.95114508,-0.014930854,0.022797269,-0.028984199,0.044181372,241.7875854,0.379565273,132.4130945,-0.082351699,-7.47776,EVA056  ,FALSE,FALSE,FALSE,7041,10500.36,10881.36,1590366580,1590366580
1590366590,89902f,44.21827698,-91.92836217,-0.014961113,0.022782914,-0.029891968,0.045580183,242.5143799,0.726794483,132.4208525,0.007757979,-7.15264,EVA056  ,FALSE,FALSE,FALSE,7041,10416.54,10812.78,1590366590,1590366590
1590366600,89902f,44.20326233,-91.90560477,-0.015014648,0.022757394,-0.029975762,0.045540308,242.8617059,0.34732598,132.5104471,0.089594578,-7.47776,EVA056  ,FALSE,FALSE,FALSE,7041,10340.34,10736.58,1590366600,1590366600
1590366610,89902f,44.18850139,-91.88317435,-0.014760939,0.02243042,-0.029775587,0.045187814,243.2411788,0.379472923,132.4285641,-0.08188296,-5.85216,EVA056  ,FALSE,FALSE,FALSE,7041,10279.38,10652.76,1590366610,1590366610
1590366620,89902f,44.17393054,-91.86107091,-0.01457085,0.022103446,-0.029331789,0.044533866,242.8617059,-0.379472923,132.5104471,0.08188296,-5.85216,EVA056  ,FALSE,FALSE,FALSE,7041,10218.42,10607.04,1590366620,1590366620
1590366630,89902f,44.15935969,-91.83890206,-0.01457085,0.022168841,-0.029141701,0.044272287,242.5143799,-0.34732598,132.4208525,-0.089594578,-5.85216,EVA056  ,FALSE,FALSE,FALSE,7041,10157.46,10538.46,1590366630,1590366630
1590366640,89902f,44.14478884,-91.81679862,-0.01457085,0.022103446,-0.029141701,0.044272287,242.5143799,0,132.4208525,0,-5.52704,EVA056  ,FALSE,FALSE,FALSE,7041,10096.5,10477.5,1590366640,1590366640
1590366650,89902f,44.12965393,-91.79390131,-0.015134908,0.022897308,-0.029705759,0.045000754,242.4827306,-0.031649369,132.5925862,0.171733656,-5.20192,EVA056  ,FALSE,FALSE,FALSE,7041,10050.78,10424.16,1590366650,1590366650
1590366660,89902f,44.11550748,-91.77252633,-0.014146449,0.021374978,-0.029281358,0.044272287,241.7558409,-0.726889631,132.5853435,-0.007242677,-5.85216,EVA056  ,FALSE,FALSE,FALSE,7041,9997.44,10363.2,1590366660,1590366660
1590366670,89902f,44.10054016,-91.74989212,-0.01496732,0.022634208,-0.02911377,0.044009187,241.7558409,0,132.5853435,0,-5.85216,EVA056  ,FALSE,FALSE,FALSE,7041,9936.48,10302.24,1590366670,1590366670
1590366680,89902f,44.08557129,-91.72728073,-0.014968872,0.022611396,-0.029936192,0.045245605,241.3773222,-0.378518762,132.6679763,0.082632839,-6.17728,EVA056  ,FALSE,FALSE,FALSE,7041,9867.9,10241.28,1590366680,1590366680
1590366690,89902f,44.07128906,-91.70581906,-0.014282227,0.021461664,-0.029251099,0.044073061,241.3773222,0,132.6679763,0,-4.22656,EVA056  ,FALSE,FALSE,FALSE,7041,9814.56,10180.32,1590366690,1590366690
1590366700,89902f,44.05647924,-91.68358939,-0.014809819,0.022229673,-0.029092045,0.043691337,240.2723355,-1.104986641,132.74406,0.076083718,-3.57632,EVA056  ,FALSE,FALSE,FALSE,7041,9784.08,10149.84,1590366700,1590366700
1590366710,89902f,44.0415802,-91.66117114,-0.014899044,0.022418253,-0.029708862,0.044647927,239.9234672,-0.348868344,132.6538372,-0.090222872,-4.55168,EVA056  ,FALSE,FALSE,FALSE,7041,9745.98,10111.74,1590366710,1590366710
1590366720,89902f,44.02688599,-91.63900686,-0.014694214,0.022164278,-0.029593258,0.044582532,239.5453674,-0.378099759,132.7372102,0.083373028,-5.85216,EVA056  ,FALSE,FALSE,FALSE,7041,9685.02,10050.78,1590366720,1590366720
1590366730,89902f,44.01281324,-91.6179984,-0.014072741,0.021008463,-0.028766955,0.043172741,239.8947856,0.349418198,132.8274538,0.090243628,-5.85216,EVA056  ,FALSE,FALSE,FALSE,7041,9631.68,9989.82,1590366729,1590366730
1590366740,89902f,43.99772644,-91.59544479,-0.015086804,0.022553605,-0.029159546,0.043562068,239.8947856,0,132.8274538,0,-6.82752,EVA056  ,FALSE,FALSE,FALSE,7041,9570.72,9921.24,1590366740,1590366740
1590366750,89902f,43.98320602,-91.57372611,-0.014520419,0.021718681,-0.029607223,0.044272287,240.6217979,0.727012308,132.8340211,0.006567243,-6.17728,EVA056  ,FALSE,FALSE,FALSE,7041,9494.52,9860.28,1590366750,1590366750
1590366760,89902f,43.96833801,-91.5514356,-0.014868009,0.022290505,-0.029388428,0.044009187,241.3773222,0.755524238,132.6679763,-0.166044745,-2.60096,EVA056  ,FALSE,FALSE,FALSE,7041,9456.42,9806.94,1590366760,1590366760
1590366770,89902f,43.95387811,-91.5297808,-0.014459901,0.021654807,-0.02932791,0.043945313,242.4532602,1.075938026,132.7643631,0.096386785,-0.32512,EVA056  ,FALSE,FALSE,FALSE,7041,9441.18,9791.7,1590366770,1590366770
1590366780,89902f,43.93874863,-91.50728498,-0.015129477,0.022495815,-0.029589378,0.044150622,242.0255366,-0.427723587,133.1912607,0.426897574,0.32512,EVA056  ,FALSE,FALSE,FALSE,7041,9441.18,9791.7,1590366780,1590366780
1590366790,89902f,43.92407227,-91.48615637,-0.014676369,0.021128607,-0.029805846,0.043624422,240.1037516,-1.921785043,134.3055397,1.114279035,0.65024,EVA056  ,FALSE,FALSE,FALSE,3224,9448.8,9799.32,1590366790,1590366790
1590366800,89902f,43.90890865,-91.46510533,-0.015163616,0.021051046,-0.029839984,0.042179653,238.997306,-1.106445514,135.2616227,0.956083033,0,EVA056  ,FALSE,FALSE,FALSE,3224,9448.8,9799.32,1590366800,1590366800
1590366810,89902f,43.89317399,-91.4440482,-0.015734656,0.021057129,-0.030898272,0.042108175,238.3297517,-0.667554375,136.3118878,1.050265037,0,EVA056  ,FALSE,FALSE,FALSE,3224,9448.8,9799.32,1590366810,1590366810
1590366820,89902f,43.87795141,-91.42456055,-0.015222582,0.019487653,-0.030957238,0.040544782,237.7738798,-0.555871898,137.5428584,1.230970607,0,EVA056  ,FALSE,FALSE,FALSE,2775,9448.8,9799.32,1590366819,1590366820
1590366830,89902f,43.86193744,-91.40454973,-0.01601397,0.020010812,-0.031236552,0.039498465,237.8807079,0.106828161,138.0680478,0.525189453,0,EVA056  ,FALSE,FALSE,FALSE,1462,9448.8,9799.32,1590366830,1590366830
1590366840,89902f,43.84578382,-91.38440813,-0.016153627,0.020141602,-0.032167596,0.040152414,237.8428784,-0.037829486,137.8930377,-0.175010186,0,EVA056  ,FALSE,FALSE,FALSE,1462,9448.8,9799.32,1590366840,1590366840
1590366850,89902f,43.83055115,-91.36543451,-0.015232668,0.01897362,-0.031386295,0.039115221,237.4614659,-0.381412569,137.8098081,-0.083229521,0,EVA056  ,FALSE,FALSE,FALSE,1462,9448.8,9799.32,1590366849,1590366850
1590366860,89902f,43.81411743,-91.34486709,-0.016433716,0.020567428,-0.031666384,0.039541048,237.4614659,0,137.8098081,0,0,EVA056  ,FALSE,FALSE,FALSE,1462,9448.8,9799.32,1590366860,1590366860
1590366870,89902f,43.79830053,-91.32509504,-0.015816899,0.019772045,-0.032250614,0.040339473,237.8428784,0.381412569,137.8930377,0.083229521,0,EVA056  ,FALSE,FALSE,FALSE,1462,9448.8,9799.32,1590366870,1590366870
1590366880,89902f,43.78242622,-91.30528041,-0.015874313,0.019814628,-0.031691212,0.039586672,237.8428784,0,137.8930377,0,0,EVA056  ,FALSE,FALSE,FALSE,1462,9448.8,9799.32,1590366880,1590366880
1590366890,89902f,43.76655579,-91.28552814,-0.015870434,0.019752274,-0.031744747,0.039566902,238.2247913,0.381912841,137.9760005,0.082962835,0,EVA056  ,FALSE,FALSE,FALSE,1462,9448.8,9799.32,1590366890,1590366890
1590366900,89902f,43.75094604,-91.26611044,-0.015609741,0.019417696,-0.031480175,0.039169971,238.2247913,0,137.9760005,0,-0.32512,EVA056  ,FALSE,FALSE,FALSE,1462,9448.8,9806.94,1590366900,1590366900
1590366910,89902f,43.73538208,-91.24675662,-0.015563965,0.019353822,-0.031173706,0.038771518,237.8807079,-0.344083355,138.0680478,0.092047352,0,EVA056  ,FALSE,FALSE,FALSE,1462,9448.8,9806.94,1590366910,1590366910
1590366920,89902f,43.71883586,-91.22628348,-0.016546217,0.020473138,-0.032110182,0.03982696,238.2247913,0.344083355,137.9760005,-0.092047352,0,EVA056  ,FALSE,FALSE,FALSE,1462,9448.8,9806.94,1590366920,1590366920
1590366930,89902f,43.70310974,-91.20670762,-0.015726122,0.01957586,-0.032272339,0.040048998,238.2247913,0,137.9760005,0,0,EVA056  ,FALSE,FALSE,FALSE,1462,9448.8,9806.94,1590366930,1590366930
1590366940,89902f,43.68717957,-91.18697056,-0.015930176,0.019737066,-0.031656298,0.039312927,238.2247913,0,137.9760005,0,0,EVA056  ,FALSE,FALSE,FALSE,1462,9448.8,9806.94,1590366940,1590366940
1590366950,89902f,43.671725,-91.16782052,-0.015454567,0.019150034,-0.031384743,0.0388871,238.2636709,0.038879607,138.1507164,0.174715921,0,EVA056  ,FALSE,FALSE,FALSE,1462,9448.8,9806.94,1590366950,1590366950
1590366960,89902f,43.65518188,-91.14736868,-0.016543114,0.020451847,-0.031997681,0.03960188,237.8807079,-0.382962962,138.0680478,-0.08266857,0,EVA056  ,FALSE,FALSE,FALSE,1462,9448.8,9806.94,1590366960,1590366960
1590366970,89902f,43.63957214,-91.12807873,-0.015609741,0.019289948,-0.032152855,0.039741795,238.2636709,0.382962962,138.1507164,0.08266857,0,EVA056  ,FALSE,FALSE,FALSE,1462,9448.8,9806.94,1590366970,1590366970
1590366980,89902f,43.6239624,-91.1088344,-0.015609741,0.019244324,-0.031219482,0.038534272,237.8807079,-0.382962962,138.0680478,-0.08266857,0,EVA056  ,FALSE,FALSE,FALSE,1462,9448.8,9806.94,1590366980,1590366980
1590366990,89902f,43.60739136,-91.08841297,-0.016571045,0.020421431,-0.032180786,0.039665754,238.2636709,0.382962962,138.1507164,0.08266857,0,EVA056  ,FALSE,FALSE,FALSE,1462,9448.8,9806.94,1590366990,1590366990
1590367000,89902f,43.59142239,-91.06868199,-0.015968969,0.019730983,-0.032540014,0.040152414,238.607202,0.343531104,138.0586976,-0.092018839,0,EVA056  ,FALSE,FALSE,FALSE,1462,9448.8,9806.94,1590367000,1590367000
1590367010,89902f,43.57562256,-91.04919434,-0.01579983,0.019487653,-0.031768799,0.039218636,238.607202,0,138.0586976,0,0,EVA056  ,FALSE,FALSE,FALSE,1462,9448.8,9806.94,1590367010,1590367010
1590367020,89902f,43.55981342,-91.02964129,-0.01580914,0.019553048,-0.031608969,0.039040702,238.9901082,0.382906191,138.1411298,0.082432262,0,EVA056  ,FALSE,FALSE,FALSE,1462,9448.8,9806.94,1590367020,1590367020
1590367030,89902f,43.54348755,-91.00952858,-0.01632587,0.020112706,-0.03213501,0.039665754,238.9901082,0,138.1411298,0,0,EVA056  ,FALSE,FALSE,FALSE,1462,9448.8,9806.94,1590367030,1590367030
1590367040,89902f,43.52736651,-90.98955427,-0.01612104,0.019974313,-0.03244691,0.040087019,239.2607092,0.270600971,137.7014502,-0.439679607,0,EVA056  ,FALSE,FALSE,FALSE,1462,9448.8,9806.94,1590367040,1590367040
1590367050,89902f,43.51217651,-90.96941571,-0.015189995,0.02013856,-0.031311035,0.040112872,239.7226242,0.461915024,135.0869435,-2.614506776,0,EVA056  ,FALSE,FALSE,FALSE,1462,9448.8,9806.94,1590367050,1590367050
1590367060,89902f,43.49720066,-90.94776699,-0.014975855,0.021648724,-0.03016585,0.041787284,240.2723355,0.549711337,132.74406,-2.342883417,0,EVA056  ,FALSE,FALSE,FALSE,1462,9448.8,9806.94,1590367060,1590367060
1590367070,89902f,43.4834212,-90.92599051,-0.013779462,0.021776472,-0.028755317,0.043425196,241.3422339,1.069898424,130.0714066,-2.672653447,0,EVA056  ,FALSE,FALSE,FALSE,1462,9448.8,9806.94,1590367070,1590367070
1590367080,89902f,43.46940897,-90.90172904,-0.014012224,0.024261475,-0.027791686,0.046037946,242.1157328,0.773498816,127.5760147,-2.495391866,0,EVA056  ,FALSE,FALSE,FALSE,1462,9448.8,9806.94,1590367080,1590367080
1590367090,89902f,43.45669556,-90.87743715,-0.012713416,0.024291891,-0.02672564,0.048553365,243.1769768,1.061244082,124.8331415,-2.742873229,0.32512,EVA056  ,FALSE,FALSE,FALSE,1462,9448.8,9814.56,1590367090,1590367090
1590367100,89902f,43.44529491,-90.85353306,-0.011400643,0.023904084,-0.024114059,0.048195975,243.1688144,-0.008162483,122.6478297,-2.185311793,0,EVA056  ,FALSE,FALSE,FALSE,1462,9448.8,9814.56,1590367100,1590367100
1590367110,89902f,43.43309823,-90.82763672,-0.012196686,0.025896345,-0.023597329,0.049800429,243.2933984,0.12458409,122.9172095,0.269379758,0,EVA056  ,FALSE,FALSE,FALSE,1462,9448.8,9814.56,1590367110,1590367110
1590367120,89902f,43.4213562,-90.80270457,-0.011742026,0.024932152,-0.023938712,0.050828496,242.5820302,-0.711368209,122.8812397,-0.035969795,0,EVA056  ,FALSE,FALSE,FALSE,1462,9448.8,9814.56,1590367120,1590367120
1590367130,89902f,43.40977478,-90.7780492,-0.011581421,0.024655364,-0.023323447,0.049587516,242.73581,0.15377972,122.7133382,-0.167901503,0,EVA056  ,FALSE,FALSE,FALSE,1462,9448.8,9814.56,1590367129,1590367130
1590367140,89902f,43.39741516,-90.75160537,-0.012359619,0.026443836,-0.02394104,0.051099201,243.1688144,0.4330044,122.6478297,-0.06550846,0,EVA056  ,FALSE,FALSE,FALSE,1462,9448.8,9814.56,1590367140,1590367140
1590367150,89902f,43.38570805,-90.72666713,-0.011707112,0.024938235,-0.024066731,0.051382071,243.0142196,-0.154594754,122.8153908,0.167561053,0,EVA056  ,FALSE,FALSE,FALSE,1462,9448.8,9814.56,1590367150,1590367150
1590367160,89902f,43.37365723,-90.70101716,-0.012050823,0.025649974,-0.023757935,0.050588209,243.0142196,0,122.8153908,0,0,EVA056  ,FALSE,FALSE,FALSE,1462,9448.8,9814.56,1590367160,1590367160
1590367170,89902f,43.36215262,-90.67657471,-0.01150461,0.024442451,-0.023555432,0.050092425,243.7254122,0.71119263,122.8514889,0.036098195,0,EVA056  ,FALSE,FALSE,FALSE,1462,9448.8,9814.56,1590367170,1590367170
1590367180,89902f,43.35003662,-90.65081219,-0.012115996,0.025762514,-0.023620605,0.050204965,243.7254122,0,122.8514889,0,0,EVA056  ,FALSE,FALSE,FALSE,1462,9448.8,9814.56,1590367180,1590367180
1590367190,89902f,43.33813477,-90.62558196,-0.011901855,0.02523023,-0.024017851,0.050992744,244.436701,0.711288812,122.8873771,0.035888124,0,EVA056  ,FALSE,FALSE,FALSE,1462,9448.8,9814.56,1590367190,1590367190
1590367200,89902f,43.32644705,-90.60078212,-0.011687715,0.024799841,-0.023589571,0.050030071,244.436701,0,122.8873771,0,0.32512,EVA056  ,FALSE,FALSE,FALSE,1462,9448.8,9814.56,1590367200,1590367200
1590367210,89902f,43.31433105,-90.57531312,-0.012115996,0.025468997,-0.023803711,0.050268839,244.71642,0.279718974,122.9885216,0.10114454,0,EVA056  ,FALSE,FALSE,FALSE,1462,9448.8,9814.56,1590367210,1590367210
1590367220,89902f,43.30284119,-90.55097713,-0.011489868,0.024335994,-0.023605864,0.049804992,245.4280717,0.711651709,123.0238676,0.035345942,0,EVA056  ,FALSE,FALSE,FALSE,1462,9448.8,35509.2,1590367219,1590367220
1590367230,89902f,43.29055528,-90.52518572,-0.012285911,0.025791409,-0.02377578,0.050127403,245.4280717,0,123.0238676,0,0,EVA056  ,FALSE,FALSE,FALSE,1462,9448.8,9814.56,1590367230,1590367230
1590367240,89902f,43.27845169,-90.49961635,-0.012103582,0.025569371,-0.024389493,0.05136078,245.4280717,0,123.0238676,0,0,EVA056  ,FALSE,FALSE,FALSE,1462,9448.8,9814.56,1590367240,1590367240
1590367250,89902f,43.26676708,-90.4750933,-0.011684612,0.024523054,-0.023788194,0.050092425,245.4280717,0,123.0238676,0,0,EVA056  ,FALSE,FALSE,FALSE,1462,9448.8,9814.56,1590367250,1590367250
1590367260,89902f,43.25419798,-90.44880458,-0.012569104,0.026288714,-0.024253716,0.050811768,245.7088163,0.280744581,123.1244481,0.100580568,0,EVA056  ,FALSE,FALSE,FALSE,1462,9448.8,9814.56,1590367260,1590367260
1590367270,89902f,43.2420944,-90.42349679,-0.012103582,0.025307792,-0.024672686,0.051596505,245.9903163,0.281500039,123.2247988,0.100350677,0,EVA056  ,FALSE,FALSE,FALSE,1462,9448.8,9814.56,1590367270,1590367270
1590367280,89902f,43.23036323,-90.39897374,-0.011731164,0.024523054,-0.023834746,0.049830845,245.9903163,0,123.2247988,0,0,EVA056  ,FALSE,FALSE,FALSE,1462,9448.8,9814.56,1590367280,1590367280
1590367290,89902f,43.21802689,-90.37314279,-0.012336343,0.02583095,-0.024067507,0.050354004,245.9903163,0,123.2247988,0,0,EVA056  ,FALSE,FALSE,FALSE,1462,9448.8,9814.56,1590367290,1590367290
1590367300,89902f,43.2061615,-90.3483688,-0.01186539,0.024773987,-0.024201733,0.050604937,245.7088163,-0.281500039,123.1244481,-0.100350677,0,EVA056  ,FALSE,FALSE,FALSE,1462,9448.8,9822.18,1590367300,1590367300
1590367310,89902f,43.1942387,-90.32337734,-0.011922804,0.024991463,-0.023788194,0.049765451,245.278138,-0.430678349,123.190117,0.065668919,0,EVA056  ,FALSE,FALSE,FALSE,1462,9448.8,9822.18,1590367310,1590367310
1590367320,89902f,43.18157649,-90.29695783,-0.012662209,0.026419503,-0.024585013,0.051410967,244.8477829,-0.43035501,123.2560169,0.065899851,0,EVA056  ,FALSE,FALSE,FALSE,2022,9448.8,9822.18,1590367320,1590367320
1590367330,89902f,43.16970567,-90.27210781,-0.011870821,0.024850028,-0.024533029,0.051269531,244.1355237,-0.712259202,123.2212639,-0.034752999,-0.32512,EVA056  ,FALSE,FALSE,FALSE,2022,9448.8,9822.18,1590367330,1590367330
1590367340,89902f,43.15792795,-90.24751936,-0.011777716,0.024588449,-0.023648537,0.049438477,243.8540532,-0.281470591,123.1201459,-0.101118035,0,EVA056  ,FALSE,FALSE,FALSE,2022,9448.8,9822.18,1590367340,1590367340
1590367350,89902f,43.14610368,-90.22280012,-0.011824268,0.024719238,-0.023601985,0.049307687,243.4233549,-0.430698266,123.1863075,0.066161674,0,EVA056  ,FALSE,FALSE,FALSE,2022,9448.8,9822.18,1590367350,1590367350
1590367360,89902f,43.13374329,-90.19711517,-0.012360395,0.025684952,-0.024184663,0.050404191,242.9929824,-0.43037253,123.2527037,0.066396125,0,EVA056  ,FALSE,FALSE,FALSE,2022,9448.8,9822.18,1590367360,1590367360
1590367370,89902f,43.12189652,-90.17244611,-0.011846769,0.024669052,-0.024207164,0.050354004,242.5629373,-0.43004506,123.3193353,0.066631645,0.32512,EVA056  ,FALSE,FALSE,FALSE,2022,9448.8,9822.18,1590367370,1590367370
1590367380,89902f,43.11007225,-90.14779227,-0.011824268,0.024653843,-0.023671037,0.049322895,242.5629373,0,123.3193353,0,0,EVA056  ,FALSE,FALSE,FALSE,2022,9448.8,9822.18,1590367380,1590367380
1590367390,89902f,43.09782901,-90.12241908,-0.012243239,0.025373186,-0.024067507,0.05002703,242.8459044,0.282967063,123.4207591,0.101423844,0,EVA056  ,FALSE,FALSE,FALSE,2022,9448.8,9822.18,1590367390,1590367390
1590367400,89902f,43.08581853,-90.09750366,-0.012010477,0.024915423,-0.024253716,0.050288609,242.8459044,0,123.4207591,0,0,EVA056  ,FALSE,FALSE,FALSE,1462,9448.8,9822.18,1590367400,1590367400
1590367410,89902f,43.07427979,-90.07364672,-0.011538748,0.023856939,-0.023549225,0.048772362,243.2754492,0.429544851,123.3540258,-0.066733396,-0.97536,EVA056  ,FALSE,FALSE,FALSE,1462,9448.8,9822.18,1590367409,1590367410
1590367420,89902f,43.06192017,-90.04796937,-0.012359619,0.025677348,-0.023898367,0.049534288,242.9929824,-0.282466855,123.2527037,-0.101322093,-4.8768,EVA056  ,FALSE,FALSE,FALSE,1462,9418.32,9799.32,1590367420,1590367420
1590367430,89902f,43.04983521,-90.02293077,-0.012084961,0.025038608,-0.02444458,0.050715957,241.7038366,-1.289145777,123.4533095,0.200605796,-7.80288,EVA056  ,FALSE,FALSE,FALSE,1462,9349.74,9738.36,1590367430,1590367430
1590367440,89902f,43.03810249,-89.99862671,-0.011732716,0.024304057,-0.023817677,0.049342666,239.5658056,-2.138031016,123.3488221,-0.104487324,-10.40384,EVA056  ,FALSE,FALSE,FALSE,1462,9258.3,9639.3,1590367440,1590367440
1590367450,89902f,43.02653503,-89.9747059,-0.011567455,0.023920813,-0.023300171,0.048224871,238.423566,-1.142239569,123.3814756,0.032653518,-12.02944,EVA056  ,FALSE,FALSE,FALSE,1462,9151.62,9532.62,1590367450,1590367450
1590367460,89902f,43.01454706,-89.94990758,-0.011987977,0.02479832,-0.023555432,0.048719134,237.2814046,-1.142161384,123.4144435,0.032967886,-11.70432,EVA056  ,FALSE,FALSE,FALSE,1462,9037.32,9410.7,1590367460,1590367460
1590367470,89902f,43.00309753,-89.92616166,-0.011449523,0.02374592,-0.0234375,0.048544241,235.856164,-1.425240657,123.3434548,-0.070988715,-11.3792,EVA056  ,FALSE,FALSE,FALSE,1462,8923.02,9296.4,1590367470,1590367470
1590367480,89902f,42.99133301,-89.90188953,-0.011764526,0.02427212,-0.023214049,0.04801804,234.997321,-0.858842995,123.4813407,0.137885837,-11.05408,EVA056  ,FALSE,FALSE,FALSE,1462,8816.34,9174.48,1590367480,1590367480
1590367490,89902f,42.97958633,-89.8777117,-0.011746681,0.02417783,-0.023511208,0.04844995,234.1398489,-0.857472019,123.6202372,0.138896583,-10.72896,EVA056  ,FALSE,FALSE,FALSE,1462,8702.04,9060.18,1590367490,1590367490
1590367500,89902f,42.96821594,-89.85443115,-0.011370384,0.023280552,-0.023117065,0.047458383,232.713564,-1.426284989,123.5495509,-0.070686364,-10.72896,EVA056  ,FALSE,FALSE,FALSE,1462,8595.36,8945.88,1590367500,1590367500
1590367510,89902f,42.95645142,-89.83022291,-0.011764526,0.024208246,-0.02313491,0.047488799,231.7169079,-0.996656069,123.4078246,-0.141726285,-11.05408,EVA056  ,FALSE,FALSE,FALSE,1462,8488.68,8839.2,1590367510,1590367510
1590367520,89902f,42.94499801,-89.80662755,-0.011453402,0.02359536,-0.023217929,0.047803606,231.2876375,-0.429270353,123.4779928,0.070168225,-11.05408,EVA056  ,FALSE,FALSE,FALSE,1462,8374.38,8732.52,1590367520,1590367520
1590367530,89902f,42.93377892,-89.78360857,-0.011219089,0.023018973,-0.022672492,0.046614333,229.7169599,-1.570677597,123.5833053,0.105312513,-10.72896,EVA056  ,FALSE,FALSE,FALSE,1462,8267.7,8610.6,1590367529,1590367530
1590367540,89902f,42.92193604,-89.75932277,-0.011842889,0.024285808,-0.023061979,0.047304781,229.2885622,-0.428397686,123.6544137,0.071108327,-11.05408,EVA056  ,FALSE,FALSE,FALSE,1462,8161.02,8496.3,1590367540,1590367540
1590367550,89902f,42.9107666,-89.73651975,-0.011169434,0.022803018,-0.023012323,0.047088826,228.1470691,-1.141493145,123.6900675,0.035653872,-10.72896,EVA056  ,FALSE,FALSE,FALSE,1462,8054.34,8382,1590367550,1590367550
1590367560,89902f,42.89978027,-89.7140361,-0.010986328,0.022483648,-0.022155762,0.045286667,227.0056652,-1.141403911,123.72608,0.036012427,-10.40384,EVA056  ,FALSE,FALSE,FALSE,1462,7947.66,8267.7,1590367560,1590367560
1590367570,89902f,42.8881073,-89.69008335,-0.011672974,0.02395275,-0.022659302,0.046436399,226.1524144,-0.853250794,123.4008799,-0.325200026,-10.72896,EVA056  ,FALSE,FALSE,FALSE,1462,7840.98,8161.02,1590367570,1590367570
1590367580,89902f,42.87684631,-89.66683321,-0.011260986,0.023250136,-0.02293396,0.047202887,225.0103017,-1.142112702,123.4357442,0.034864312,-10.40384,EVA056  ,FALSE,FALSE,FALSE,1462,7734.3,8039.1,1590367580,1590367580
1590367590,89902f,42.86571955,-89.64399065,-0.011126761,0.022842559,-0.022387747,0.046092696,224.297584,-0.712717696,123.3984885,-0.037255772,-10.40384,EVA056  ,FALSE,FALSE,FALSE,1462,7627.62,7924.8,1590367590,1590367590
1590367600,89902f,42.85464478,-89.6211633,-0.011074777,0.022827351,-0.022201538,0.045669911,223.4393219,-0.858262101,123.5437185,0.145230003,-10.07872,EVA056  ,FALSE,FALSE,FALSE,1462,7520.94,7825.74,1590367600,1590367600
1590367610,89902f,42.84365379,-89.59873744,-0.010990983,0.022425857,-0.022065761,0.045253209,222.1546464,-1.284675461,123.7636651,0.219946676,-10.40384,EVA056  ,FALSE,FALSE,FALSE,1462,7414.26,7711.44,1590367610,1590367610
1590367620,89902f,42.83280945,-89.576707,-0.010844344,0.022030447,-0.021835327,0.044456305,221.4411037,-0.713542779,123.7269849,-0.036680242,-10.07872,EVA056  ,FALSE,FALSE,FALSE,7233,7315.2,7604.76,1590367620,1590367620
1590367630,89902f,42.82130872,-89.55341884,-0.01150073,0.023288157,-0.022345074,0.045318604,220.5861248,-0.854978902,123.8753702,0.148385273,-10.40384,EVA056  ,FALSE,FALSE,FALSE,1462,7208.52,7498.08,1590367630,1590367630
1590367640,89902f,42.81060791,-89.53180357,-0.010700808,0.021615266,-0.022201538,0.044903423,219.4451922,-1.140932516,123.913587,0.038216811,-10.40384,EVA056  ,FALSE,FALSE,FALSE,1462,7109.46,7406.64,1590367640,1590367640
1590367650,89902f,42.79980469,-89.50979753,-0.010803223,0.022006045,-0.02150403,0.043621311,218.872798,-0.572394239,123.6900675,-0.223519462,-10.40384,EVA056  ,FALSE,FALSE,FALSE,1462,7002.78,7292.34,1590367650,1590367650
1590367660,89902f,42.78904724,-89.48782487,-0.010757446,0.021972656,-0.021560669,0.043978701,217.731396,-1.141402001,123.7276139,0.037546377,-10.40384,EVA056  ,FALSE,FALSE,FALSE,1462,6903.72,7170.42,1590367660,1590367660
1590367670,89902f,42.77810669,-89.46554011,-0.010940552,0.022284768,-0.021697998,0.044257424,216.5900885,-1.141307515,123.765556,0.03794209,-10.07872,EVA056  ,FALSE,FALSE,FALSE,1462,6797.04,7063.74,1590367670,1590367670
1590367680,89902f,42.76730347,-89.44362987,-0.010803223,0.021910234,-0.021743774,0.044195002,215.7355125,-0.854575971,123.9174305,0.151874544,-10.40384,EVA056  ,FALSE,FALSE,FALSE,1462,6697.98,6972.3,1590367680,1590367680
1590367690,89902f,42.75663757,-89.42209417,-0.010665894,0.0215357,-0.021469116,0.043445934,215.021592,-0.713920564,123.8801656,-0.037264905,-10.40384,EVA056  ,FALSE,FALSE,FALSE,1462,6598.92,6858,1590367690,1590367690
1590367700,89902f,42.74589409,-89.40035088,-0.010743481,0.021743291,-0.021409374,0.043278991,214.3077629,-0.713829001,123.8426525,-0.037513169,-10.40384,EVA056  ,FALSE,FALSE,FALSE,1462,6492.24,6743.7,1590367700,1590367700
1590367710,89902f,42.73509397,-89.3784421,-0.010800119,0.021908782,-0.0215436,0.043652073,213.5940264,-0.71373652,123.8048886,-0.03776389,-10.07872,EVA056  ,FALSE,FALSE,FALSE,1462,6385.56,6637.02,1590367710,1590367710
1590367720,89902f,42.72422791,-89.35642589,-0.010866068,0.022016207,-0.021666187,0.043924989,212.8803833,-0.713643109,123.7668715,-0.0380171,-10.07872,EVA056  ,FALSE,FALSE,FALSE,1462,6286.5,6530.34,1590367720,1590367720
1590367730,89902f,42.71363339,-89.3349439,-0.010594513,0.021481988,-0.021460582,0.043498194,211.739176,-1.141207355,123.8058944,0.039022942,-10.07872,EVA056  ,FALSE,FALSE,FALSE,1462,6179.82,6423.66,1590367730,1590367730
1590367740,89902f,42.70339966,-89.31416598,-0.010233734,0.020777922,-0.020828247,0.04225991,210.5980679,-1.141108071,123.8453403,0.039445845,-10.40384,EVA056  ,FALSE,FALSE,FALSE,1462,6080.76,6316.98,1590367740,1590367740
1590367750,89902f,42.69273376,-89.2926927,-0.010665894,0.021473278,-0.020899627,0.0422512,210.1709948,-0.42707307,123.9234503,0.078110005,-10.07872,EVA056  ,FALSE,FALSE,FALSE,1462,5981.7,6217.92,1590367750,1590367750
1590367760,89902f,42.68234253,-89.27171881,-0.010391235,0.020973899,-0.021057129,0.042447177,209.1706783,-1.000316554,123.7682336,-0.15521665,-10.07872,EVA056  ,FALSE,FALSE,FALSE,1462,5882.64,6111.24,1590367760,1590367760
1590367770,89902f,42.67190552,-89.25055764,-0.010437012,0.021161166,-0.020828247,0.042135065,208.0294752,-1.141203031,123.8079599,0.039726294,-10.07872,EVA056  ,FALSE,FALSE,FALSE,1462,5775.96,6004.56,1590367770,1590367770
1590367780,89902f,42.66154144,-89.22961568,-0.01036408,0.020941962,-0.020801092,0.042103128,207.1753558,-0.854119453,123.9662847,0.158324799,-10.07872,EVA056  ,FALSE,FALSE,FALSE,1462,5676.9,5897.88,1590367780,1590367780
1590367790,89902f,42.65071106,-89.2079232,-0.010830378,0.021692482,-0.021194458,0.042634444,206.3228314,-0.85252442,124.1259191,0.15963442,-10.07872,EVA056  ,FALSE,FALSE,FALSE,152,5577.84,5791.2,1590367790,1590367790
1590367800,89902f,42.64082569,-89.18816145,-0.009885368,0.019761745,-0.020715746,0.041454226,205.8971735,-0.425657879,124.2062318,0.080312627,-8.128,EVA056  ,FALSE,FALSE,FALSE,1462,5478.78,5692.14,1590367800,1590367800
1590367810,89902f,42.63011169,-89.16672447,-0.010713998,0.021436986,-0.020599365,0.04119873,204.1798359,-1.717337549,124.010376,-0.195855732,-9.10336,EVA056  ,FALSE,FALSE,FALSE,1462,5394.96,5608.32,1590367810,1590367810
1590367820,89902f,42.61994934,-89.14637479,-0.010162354,0.020349676,-0.020876351,0.041786662,203.3277678,-0.852068149,124.1725469,0.162170872,-10.40384,EVA056  ,FALSE,FALSE,FALSE,1462,5295.9,5501.64,1590367820,1590367820
1590367830,89902f,42.60991501,-89.12633142,-0.010034335,0.020043371,-0.020196688,0.040393047,203.0392574,-0.288510404,124.0524394,-0.120107522,-10.07872,EVA056  ,FALSE,FALSE,FALSE,1462,5196.84,5394.96,1590367830,1590367830
1590367840,89902f,42.59967041,-89.10561301,-0.010244596,0.020718403,-0.020278931,0.040761774,202.4649247,-0.574332705,123.8112001,-0.241239302,-10.07872,EVA056  ,FALSE,FALSE,FALSE,1462,5097.78,5303.52,1590367840,1590367840
1590367850,89902f,42.59010315,-89.08619967,-0.009567261,0.019413341,-0.019811857,0.040131744,202.17911,-0.285814664,123.6900675,-0.121132546,-10.07872,EVA056  ,FALSE,FALSE,FALSE,1462,4998.72,5196.84,1590367849,1590367850
1590367860,89902f,42.5793457,-89.06435186,-0.010757446,0.021847812,-0.020324707,0.041261153,201.4657551,-0.713354945,123.6494898,-0.040577741,-10.07872,EVA056  ,FALSE,FALSE,FALSE,1462,4899.66,5090.16,1590367860,1590367860
1590367870,89902f,42.56936801,-89.04418945,-0.009977696,0.020162409,-0.020735143,0.042010221,201.0377119,-0.428043174,123.7307317,0.081241878,-9.7536,EVA056  ,FALSE,FALSE,FALSE,1462,4800.6,4998.72,1590367870,1590367870
1590367880,89902f,42.55968514,-89.02451626,-0.009682865,0.019673192,-0.019660562,0.039835601,199.8964162,-1.141295698,123.7718602,0.041128497,-9.7536,EVA056  ,FALSE,FALSE,FALSE,1462,4701.54,4884.42,1590367880,1590367880
1590367890,89902f,42.54953675,-89.00420433,-0.010148388,0.020311932,-0.019831253,0.039985124,198.9036372,-0.992779038,124.1421769,0.370316758,-9.7536,EVA056  ,FALSE,FALSE,FALSE,1462,4602.48,4777.74,1590367890,1590367890
1590367900,89902f,42.53919983,-88.98370223,-0.010336924,0.020502103,-0.020485312,0.040814035,198.0529225,-0.850714635,124.3092341,0.167057205,-9.7536,EVA056  ,FALSE,FALSE,FALSE,1462,4503.42,4693.92,1590367900,1590367900
1590367910,89902f,42.52967834,-88.96485069,-0.009521484,0.01885154,-0.019858409,0.039353643,196.9131433,-1.13977924,124.3543367,0.045102532,-9.7536,EVA056  ,FALSE,FALSE,FALSE,1462,4404.36,4587.24,1590367909,1590367910
1590367920,89902f,42.51918469,-88.94416277,-0.01049365,0.020687918,-0.020015135,0.039539458,196.1981776,-0.714965653,124.3150876,-0.039249055,-9.7536,EVA056  ,FALSE,FALSE,FALSE,1462,4305.3,4488.18,1590367920,1590367920
1590367930,89902f,42.50949097,-88.9249004,-0.009693728,0.019262366,-0.020187378,0.039950284,195.4833047,-0.714872911,124.2755515,-0.039536137,-10.07872,EVA056  ,FALSE,FALSE,FALSE,1462,4213.86,4381.5,1590367930,1590367930
1590367940,89902f,42.4995575,-88.90511253,-0.009933472,0.019787875,-0.019627199,0.039050241,194.7685256,-0.714779149,124.2357251,-0.039826343,-9.42848,EVA056  ,FALSE,FALSE,FALSE,1462,4114.8,4274.82,1590367940,1590367940
1590367950,89902f,42.48971558,-88.88557434,-0.009841919,0.019538186,-0.019775391,0.039326061,193.6285483,-1.139977302,124.28116,0.045434857,-9.7536,EVA056  ,FALSE,FALSE,FALSE,1462,4015.74,4183.38,1590367950,1590367950
1590367960,89902f,42.48023987,-88.8667228,-0.009475708,0.01885154,-0.019317627,0.038389726,193.3392527,-0.289295548,124.1551891,-0.125970879,-10.07872,EVA056  ,FALSE,FALSE,FALSE,1462,3924.3,4076.7,1590367959,1590367960
1590367970,89902f,42.47058416,-88.84758528,-0.00965571,0.019137522,-0.019131418,0.037989062,192.6247611,-0.714491584,124.1144729,-0.040716153,-9.7536,EVA056  ,FALSE,FALSE,FALSE,1462,3817.62,3962.4,1590367970,1590367970
1590367980,89902f,42.46069336,-88.8278337,-0.009890799,0.019751583,-0.019546509,0.038889105,191.9103676,-0.714393585,124.0734536,-0.041019308,-9.7536,EVA056  ,FALSE,FALSE,FALSE,1462,3726.18,3870.96,1590367980,1590367980
1590367990,89902f,42.45094299,-88.80835793,-0.009750366,0.019475763,-0.019641165,0.039227347,191.4844602,-0.425907342,124.1596945,0.086240909,-8.45312,EVA056  ,FALSE,FALSE,FALSE,1462,3627.12,3764.28,1590367990,1590367990
1590368000,89902f,42.44132996,-88.78919428,-0.009613037,0.019163652,-0.019363403,0.038639415,189.9190411,-1.565419115,124.2927056,0.133011097,-4.8768,EVA056  ,FALSE,FALSE,FALSE,1462,3558.54,3695.7,1590368000,1590368000
1590368010,89902f,42.43161994,-88.76997837,-0.009710021,0.019215912,-0.019323058,0.038379564,186.2095419,-3.709499155,124.3047113,0.012005671,-2.60096,EVA056  ,FALSE,FALSE,FALSE,1462,3520.44,3649.98,1590368010,1590368010
1590368020,89902f,42.42282156,-88.75241302,-0.008798373,0.01756535,-0.018508394,0.036781263,182.2105165,-3.99902544,124.1835977,-0.121113649,-2.27584,EVA056  ,FALSE,FALSE,FALSE,1462,3497.58,3627.12,1590368019,1590368020
1590368030,89902f,42.4133606,-88.73370084,-0.009460966,0.018712179,-0.018259339,0.036277529,178.5009485,-3.709567958,124.1938544,0.010256698,-2.60096,EVA056  ,FALSE,FALSE,FALSE,1462,3467.1,3596.64,1590368030,1590368030
1590368040,89902f,42.40457308,-88.71619646,-0.008787511,0.01750438,-0.018248477,0.036216558,174.7913866,-3.709561995,124.2045464,0.01069205,-2.60096,EVA056  ,FALSE,FALSE,FALSE,1462,3444.24,3573.78,1590368040,1590368040
1590368050,89902f,42.39577471,-88.69869498,-0.008798373,0.017501476,-0.017585884,0.035005856,171.0818309,-3.709555644,124.2157021,0.01115572,-2.92608,EVA056  ,FALSE,FALSE,FALSE,1462,3413.76,3543.3,1590368050,1590368050
1590368060,89902f,42.38795471,-88.68107882,-0.00782,0.017616159,-0.016618373,0.035117635,168.5901354,-2.491695494,119.2244192,-4.991282942,-2.27584,EVA056  ,FALSE,FALSE,FALSE,1462,3390.9,3520.44,1590368060,1590368060
1590368070,89902f,42.38208835,-88.66324491,-0.005866358,0.017833911,-0.013686358,0.03545007,165.0756129,-3.51452256,111.7682522,-7.45616698,-1.30048,EVA056  ,FALSE,FALSE,FALSE,1462,3368.04,3497.58,1590368069,1590368070
1590368080,89902f,42.37760925,-88.64406239,-0.004479101,0.019182524,-0.010345459,0.037016435,161.6189506,-3.456662262,105.3191006,-6.449151647,0.65024,EVA056  ,FALSE,FALSE,FALSE,1462,3375.66,3497.58,1590368080,1590368080
1590368090,89902f,42.37468655,-88.62479276,-0.002922705,0.019269625,-0.007401806,0.038452148,160.5403261,-1.078624541,100.3376901,-4.98141043,-0.32512,EVA056  ,FALSE,FALSE,FALSE,1462,3375.66,3497.58,1590368090,1590368090
1590368100,89902f,42.37217273,-88.60594993,-0.002513821,0.01884283,-0.005436526,0.038112455,159.0222878,-1.518038244,100.4374754,0.099785218,-1.95072,EVA056  ,FALSE,FALSE,FALSE,1462,3368.04,3489.96,1590368100,1590368100
1590368110,89902f,42.36951925,-88.58691548,-0.002653478,0.019034452,-0.005167298,0.037877282,157.5996486,-1.422639189,100.7230564,0.285581059,-7.80288,EVA056  ,FALSE,FALSE,FALSE,1462,3314.7,3436.62,1590368110,1590368110
1590368120,89902f,42.36691232,-88.56807265,-0.002606925,0.01884283,-0.005260403,0.037877282,157.91755,0.31790136,100.321541,-0.401515368,-7.47776,EVA056  ,FALSE,FALSE,FALSE,1462,3238.5,3360.42,1590368120,1590368120
1590368130,89902f,42.36453816,-88.54974081,-0.002374164,0.018331838,-0.004981089,0.037174668,157.7364499,-0.18110009,99.95385571,-0.367685332,-6.82752,EVA056  ,FALSE,FALSE,FALSE,1462,3169.92,3284.22,1590368130,1590368130
1590368140,89902f,42.36213684,-88.53107799,-0.00240132,0.018662822,-0.004775484,0.03699466,157.64834,-0.088109912,99.76970005,-0.18415566,-5.85216,EVA056  ,FALSE,FALSE,FALSE,1462,3101.34,3215.64,1590368140,1590368140
1590368150,89902f,42.35909155,-88.51294939,-0.003045292,0.018128603,-0.005446612,0.036791424,155.1174493,-2.530890656,106.5718396,6.802139547,-5.20192,EVA056  ,FALSE,FALSE,FALSE,1462,3040.38,3154.68,1590368149,1590368150
1590368160,89902f,42.35266734,-88.49544791,-0.006424209,0.017501476,-0.009469501,0.035630079,151.4336499,-3.683799443,122.2323369,15.66049726,-4.8768,EVA056  ,FALSE,FALSE,FALSE,1462,2994.66,3101.34,1590368160,1590368160
1590368170,89902f,42.34350586,-88.48213889,-0.00916148,0.013309019,-0.015585689,0.030810495,148.1536199,-3.280029931,137.1106828,14.87834591,-5.85216,EVA056  ,FALSE,FALSE,FALSE,1462,2941.32,3055.62,1590368170,1590368170
1590368180,89902f,42.33256531,-88.47271312,-0.010940552,0.00942577,-0.020102032,0.022734789,146.8618239,-1.291796053,151.5497182,14.43903545,-6.5024,EVA056  ,FALSE,FALSE,FALSE,1462,2880.36,2979.42,1590368179,1590368180
1590368190,89902f,42.32017388,-88.46472452,-0.01239143,0.007988605,-0.023331982,0.017414375,146.3807893,-0.481034628,155.0560947,3.506376515,-6.82752,EVA056  ,FALSE,FALSE,FALSE,1462,2811.78,2910.84,1590368190,1590368190
1590368200,89902f,42.30807495,-88.45723239,-0.012098927,0.00749213,-0.024490356,0.015480735,146.417848,0.037058771,155.5060635,0.449968717,-6.82752,EVA056  ,FALSE,FALSE,FALSE,1462,2735.58,2842.26,1590368200,1590368200
1590368210,89902f,42.29629258,-88.44996962,-0.011782371,0.007262764,-0.023881298,0.014754894,146.6318823,0.214034229,155.3231368,-0.182926623,-6.82752,EVA056  ,FALSE,FALSE,FALSE,1462,2674.62,2766.06,1590368210,1590368210
1590368220,89902f,42.28446831,-88.44256024,-0.011824268,0.007409384,-0.02360664,0.014672148,146.5984882,-0.033394042,154.8737867,-0.449350085,-5.52704,EVA056  ,FALSE,FALSE,FALSE,1462,2613.66,2705.1,1590368220,1590368220
1590368230,89902f,42.27264404,-88.43515086,-0.011824268,0.007409384,-0.023648537,0.014818768,146.3807893,-0.217698959,155.0560947,0.182307992,-5.20192,EVA056  ,FALSE,FALSE,FALSE,1462,2552.7,2636.52,1590368230,1590368230
1590368240,89902f,42.26072667,-88.4276776,-0.011917373,0.007473258,-0.023741641,0.014882642,145.6975888,-0.68320046,155.1542112,0.09811642,-5.20192,EVA056  ,FALSE,FALSE,FALSE,1462,2506.98,2590.8,1590368240,1590368240
1590368250,89902f,42.248703,-88.42021595,-0.012023667,0.007461645,-0.02394104,0.014934903,146.1645767,0.466987915,155.2389439,0.084732782,-5.20192,EVA056  ,FALSE,FALSE,FALSE,1462,2453.64,2537.46,1590368250,1590368250
1590368260,89902f,42.23666382,-88.4127877,-0.012039185,0.007428256,-0.024062852,0.014889901,145.6975888,-0.466987915,155.1542112,-0.084732782,-5.20192,EVA056  ,FALSE,FALSE,FALSE,1462,2400.3,2476.5,1590368260,1590368260
1590368270,89902f,42.22506766,-88.40557719,-0.011596162,0.007210504,-0.023635347,0.01463876,144.547779,-1.14980979,155.1678912,0.013680081,-5.20192,EVA056  ,FALSE,FALSE,FALSE,1462,2346.96,2423.16,1590368270,1590368270
1590368280,89902f,42.21319684,-88.39810394,-0.011870821,0.007473258,-0.023466983,0.014683762,143.6146697,-0.933109336,154.9955055,-0.172385716,-5.20192,EVA056  ,FALSE,FALSE,FALSE,1462,2293.62,2369.82,1590368280,1590368280
1590368290,89902f,42.20132601,-88.39063068,-0.011870821,0.007473258,-0.023741641,0.014946516,143.1486073,-0.466062388,154.9084703,-0.087035231,-4.8768,EVA056  ,FALSE,FALSE,FALSE,1462,2247.9,2324.1,1590368290,1590368290
1590368300,89902f,42.1895483,-88.38328517,-0.011777716,0.00734551,-0.023648537,0.014818768,142.464768,-0.683839264,155.0081047,0.099634389,-4.8768,EVA056  ,FALSE,FALSE,FALSE,1462,2194.56,2263.14,1590368300,1590368300
1590368310,89902f,42.17818955,-88.37619515,-0.011358746,0.007090014,-0.023136462,0.014435524,142.2481848,-0.216583271,155.1959149,0.187810183,-5.20192,EVA056  ,FALSE,FALSE,FALSE,1462,2148.84,2217.42,1590368310,1590368310
1590368320,89902f,42.16683081,-88.36910514,-0.011358746,0.007090014,-0.022717492,0.014180028,141.3148734,-0.93331138,155.0209089,-0.175005984,-5.20192,EVA056  ,FALSE,FALSE,FALSE,1462,2095.5,2156.46,1590368320,1590368320
1590368330,89902f,42.15551861,-88.36201513,-0.011312194,0.007090014,-0.02267094,0.014180028,140.1649859,-1.149887478,155.0339232,0.013014286,-5.20192,EVA056  ,FALSE,FALSE,FALSE,1462,2042.16,2103.12,1590368329,1590368330
1590368340,89902f,42.14424133,-88.35492221,-0.01127728,0.007092917,-0.022589473,0.014182932,139.6987814,-0.466204495,154.9448669,-0.089056312,-5.20192,EVA056  ,FALSE,FALSE,FALSE,1462,1996.44,2057.4,1590368339,1590368340
1590368350,89902f,42.13252258,-88.3476188,-0.01171875,0.007303411,-0.02299603,0.014396329,139.0151058,-0.683675632,155.0471527,0.102285897,-5.20192,EVA056  ,FALSE,FALSE,FALSE,1462,1943.1,1996.44,1590368350,1590368350
1590368360,89902f,42.1214447,-88.3406275,-0.011077881,0.0069913,-0.022796631,0.014294711,138.5488524,-0.466253387,154.9574018,-0.089750928,-4.8768,EVA056  ,FALSE,FALSE,FALSE,1462,1889.76,1950.72,1590368359,1590368360
1590368370,89902f,42.10980432,-88.3333357,-0.011640387,0.007291798,-0.022718268,0.014283098,139.0151058,0.466253387,155.0471527,0.089750928,-4.8768,EVA056  ,FALSE,FALSE,FALSE,1462,1844.04,1897.38,1590368370,1590368370
1590368380,89902f,42.09873962,-88.32639521,-0.011064691,0.006940491,-0.022705078,0.014232289,137.8652332,-1.149872591,155.060603,0.01345027,-5.20192,EVA056  ,FALSE,FALSE,FALSE,1462,1790.7,1836.42,1590368380,1590368380
1590368390,89902f,42.08706665,-88.31915422,-0.011672974,0.007240989,-0.022737665,0.01418148,137.1820657,-0.683167468,155.1648324,0.104229424,-4.8768,EVA056  ,FALSE,FALSE,FALSE,1462,1737.36,1790.7,1590368390,1590368390
