OBJECTID,time,icao24,lat,lon,velocity,heading,vertrate,callsign,onground,alert,spi,squawk,baroaltitude,geoaltitude,lastposupdate,lastcontact
1,1590364980,89902f,46.315007613877114,-95.859420776367188,238.720863419716380,123.039396269712142,0.000000000000000,EVA056  ,False,False,False,,11277.600000000000364,11574.780000000000655,1590364979.977999925613403,1590364979.977999925613403
2,1590364990,89902f,46.306814420021183,-95.841224670410156,239.152284183011346,122.972198546885579,0.000000000000000,EVA056  ,False,False,False,,11277.600000000000364,11567.159999999999854,1590364987.236999988555908,1590364989.313999891281128
3,1590365000,89902f,46.291488647460938,-95.807145281535824,239.152284183011346,122.972198546885579,0.000000000000000,EVA056  ,False,False,False,,11277.600000000000364,11574.780000000000655,1590364999.694000005722046,1590364999.694000005722046
4,1590365010,89902f,46.280838271318856,-95.783546447753906,239.432650056177124,123.075476062388105,0.000000000000000,EVA056  ,False,False,False,1462,11277.600000000000364,11574.780000000000655,1590365009.030999898910522,1590365009.030999898910522
5,1590365020,89902f,46.268967450675319,-95.757247924804688,239.432650056177124,123.075476062388105,0.000000000000000,EVA056  ,False,False,False,1462,11277.600000000000364,11574.780000000000655,1590365019.404999971389771,1590365019.404999971389771
6,1590365030,89902f,46.256561279296875,-95.729705066215672,239.863893940457388,123.008412841323505,0.000000000000000,EVA056  ,False,False,False,1462,11277.600000000000364,11574.780000000000655,1590365029.782999992370605,1590365029.782999992370605
7,1590365040,89902f,46.251983642578125,-95.719589605564011,239.432650056177124,123.075476062388105,0.000000000000000,EVA056  ,False,False,False,1462,11277.600000000000364,11574.780000000000655,1590365033.933000087738037,1590365036.007999897003174
8,1590365050,89902f,46.251983642578125,-95.719589605564011,239.432650056177124,123.075476062388105,0.000000000000000,EVA056  ,False,False,False,1462,11277.600000000000364,11574.780000000000655,1590365033.933000087738037,1590365042.239000082015991
9,1590365060,89902f,46.225616455078125,-95.661442454268297,239.432650056177124,123.075476062388105,0.000000000000000,EVA056  ,False,False,False,1462,11277.600000000000364,11574.780000000000655,1590365056.765000104904175,1590365058.835999965667725
10,1590365070,89902f,46.211242675781250,-95.629823266006099,239.283383675208569,123.245923092867883,0.000000000000000,EVA056  ,False,False,False,1462,11277.600000000000364,11574.780000000000655,1590365068.174999952316284,1590365069.217000007629395
11,1590365080,89902f,46.204788208007812,-95.615554437404683,239.713792054512396,123.178511659392754,0.000000000000000,EVA056  ,False,False,False,1462,11277.600000000000364,11574.780000000000655,1590365074.400000095367432,1590365079.595000028610229
12,1590365090,89902f,46.191970825195312,-95.587284739424547,239.713792054512396,123.178511659392754,0.000000000000000,EVA056  ,False,False,False,1462,11277.600000000000364,11574.780000000000655,1590365084.778000116348267,1590365086.852999925613403
13,1590365100,89902f,46.191970825195312,-95.587284739424547,239.713792054512396,123.178511659392754,0.000000000000000,EVA056  ,False,False,False,1462,11277.600000000000364,11574.780000000000655,1590365084.778000116348267,1590365086.852999925613403
14,1590365110,89902f,46.163480079780186,-95.524543762207031,239.713792054512396,123.178511659392754,0.000000000000000,EVA056  ,False,False,False,1462,11277.600000000000364,11582.399999999999636,1590365109.676000118255615,1590365109.676000118255615
15,1590365120,89902f,46.156082153320312,-95.508169778963406,239.713792054512396,123.178511659392754,0.000000000000000,EVA056  ,False,False,False,1462,11277.600000000000364,11582.399999999999636,1590365115.759000062942505,1590365119.023000001907349
16,1590365130,89902f,46.156082153320312,-95.508169778963406,239.713792054512396,123.178511659392754,0.000000000000000,EVA056  ,False,False,False,1462,11277.600000000000364,11582.399999999999636,1590365115.759000062942505,1590365119.023000001907349
17,1590365140,89902f,46.127821065611755,-95.446266174316406,240.278393521742316,123.383857843012166,0.000000000000000,EVA056  ,False,False,False,1462,11277.600000000000364,11582.399999999999636,1590365139.628000020980835,1590365139.769999980926514
18,1590365150,89902f,46.116415767346396,-95.421340942382812,240.708122207673910,123.316478526062568,0.000000000000000,EVA056  ,False,False,False,1462,11277.600000000000364,11582.399999999999636,1590365149.111999988555908,1590365149.111999988555908
19,1590365160,89902f,46.104451842227220,-95.395111083984375,240.708122207673910,123.316478526062568,0.000000000000000,EVA056  ,False,False,False,1612,11277.600000000000364,11582.399999999999636,1590365159.490000009536743,1590365159.490999937057495
20,1590365170,89902f,46.091491699218750,-95.366821289062500,240.708122207673910,123.316478526062568,0.000000000000000,EVA056  ,False,False,False,1612,11277.600000000000364,11582.399999999999636,1590365169.865000009536743,1590365169.865000009536743
21,1590365180,89902f,46.080337783037606,-95.342376708984375,241.138182595286992,123.249339453218795,0.000000000000000,EVA056  ,False,False,False,1612,11277.600000000000364,11582.399999999999636,1590365179.206000089645386,1590365179.206000089645386
22,1590365190,89902f,46.076380842823092,-95.333793640136719,241.420627141433414,123.351443930163384,0.000000000000000,EVA056  ,False,False,False,1612,11277.600000000000364,11582.399999999999636,1590365182.319999933242798,1590365187.506000041961670
23,1590365200,89902f,46.059109962592686,-95.296096801757812,241.703836582347861,123.453309454072695,0.000000000000000,EVA056  ,False,False,False,1612,11277.600000000000364,11590.020000000000437,1590365196.838999986648560,1590365197.878999948501587
24,1590365210,89902f,46.044479370117188,-95.264326886432912,241.987808232456018,123.554936221079004,0.000000000000000,EVA056  ,False,False,False,1612,11277.600000000000364,11590.020000000000437,1590365209.292000055313110,1590365209.292000055313110
25,1590365220,89902f,46.031737246755824,-95.236701965332031,242.416690116459762,123.487728945655931,0.000000000000000,EVA056  ,False,False,False,1612,11277.600000000000364,11590.020000000000437,1590365219.673000097274780,1590365219.674000024795532
26,1590365230,89902f,46.022506713867188,-95.216630144817032,242.845904363548385,123.420759147284315,0.000000000000000,EVA056  ,False,False,False,1612,11277.600000000000364,11590.020000000000437,1590365227.973000049591064,1590365229.009999990463257
27,1590365240,89902f,46.008224487304688,-95.185546875000000,242.845904363548385,123.420759147284315,0.000000000000000,EVA056  ,False,False,False,1612,11277.600000000000364,11590.020000000000437,1590365239.391000032424927,1590365239.391000032424927
28,1590365250,89902f,45.996047973632812,-95.159152891577719,243.129630621052769,123.521946589724138,0.000000000000000,EVA056  ,False,False,False,1612,11277.600000000000364,11590.020000000000437,1590365249.766999959945679,1590365249.766999959945679
29,1590365260,89902f,45.985061645507812,-95.135438500381099,243.414113417787831,123.622897826959075,0.000000000000000,EVA056  ,False,False,False,1612,11277.600000000000364,11590.020000000000437,1590365259.105000019073486,1590365259.105999946594238
30,1590365270,89902f,45.973480224609375,-95.110250333460328,243.988049789255939,123.388513576111521,0.000000000000000,EVA056  ,False,False,False,1612,11277.600000000000364,11590.020000000000437,1590365268.440999984741211,1590365269.477999925613403
31,1590365280,89902f,45.964189949682201,-95.090103149414062,243.988049789255939,123.388513576111521,0.000000000000000,EVA056  ,False,False,False,1612,11277.600000000000364,11590.020000000000437,1590365275.701999902725220,1590365277.782999992370605
32,1590365290,89902f,45.948211669921875,-95.055519662252266,243.842657333281181,123.555964132444387,0.000000000000000,EVA056  ,False,False,False,1612,11277.600000000000364,11590.020000000000437,1590365289.085999965667725,1590365289.085999965667725
33,1590365300,89902f,45.935979293564614,-95.029060363769531,244.127393312697279,123.656580808861577,0.000000000000000,EVA056  ,False,False,False,1612,11277.600000000000364,11597.640000000001237,1590365299.460999965667725,1590365299.461999893188477
34,1590365310,89902f,45.922851562500000,-95.000855980849849,244.127393312697279,123.656580808861577,0.000000000000000,EVA056  ,False,False,False,1612,11277.600000000000364,11597.640000000001237,1590365309.839999914169312,1590365309.839999914169312
35,1590365320,89902f,45.916671752929688,-94.987525009527417,244.127393312697279,123.656580808861577,0.000000000000000,EVA056  ,False,False,False,1612,11277.600000000000364,11597.640000000001237,1590365315.039999961853027,1590365319.030999898910522
36,1590365330,89902f,45.899435786877646,-94.950439453125000,243.699350104312089,123.723613060503411,0.000000000000000,EVA056  ,False,False,False,1612,11277.600000000000364,11597.640000000001237,1590365329.552999973297119,1590365329.552999973297119
37,1590365340,89902f,45.886322021484375,-94.922276938833818,243.699350104312089,123.723613060503411,0.000000000000000,EVA056  ,False,False,False,1612,11277.600000000000364,11597.640000000001237,1590365339.931999921798706,1590365339.951999902725220
38,1590365350,89902f,45.875461384401483,-94.898872375488281,243.414113417787831,123.622897826959075,0.000000000000000,EVA056  ,False,False,False,1612,11277.600000000000364,11597.640000000001237,1590365349.272000074386597,1590365349.272000074386597
39,1590365360,89902f,45.862519862288131,-94.870994567871094,243.414113417787831,123.622897826959075,0.000000000000000,EVA056  ,False,False,False,1612,11277.600000000000364,11597.640000000001237,1590365359.644999980926514,1590365359.644999980926514
40,1590365370,89902f,45.851021459547141,-94.846275329589844,242.985902866478341,123.690067525979799,0.000000000000000,EVA056  ,False,False,False,1612,11277.600000000000364,11597.640000000001237,1590365368.980999946594238,1590365368.980999946594238
41,1590365380,89902f,45.839290295617054,-94.821144104003906,242.417235978898191,123.926128848655935,0.000000000000000,EVA056  ,False,False,False,1612,11277.600000000000364,11597.640000000001237,1590365379.361000061035156,1590365379.361999988555908
42,1590365390,89902f,45.825942993164062,-94.792718654725604,242.417235978898191,123.926128848655935,0.000000000000000,EVA056  ,False,False,False,1612,11277.600000000000364,11597.640000000001237,1590365389.740000009536743,1590365389.740000009536743
43,1590365400,89902f,45.814682006835938,-94.768669314500755,242.558027444910380,123.757474294308096,0.000000000000000,EVA056  ,False,False,False,1612,11277.600000000000364,11597.640000000001237,1590365399.023999929428101,1590365399.023999929428101
44,1590365410,89902f,45.803165759070446,-94.744033813476562,242.558027444910380,123.757474294308096,0.000000000000000,EVA056  ,False,False,False,1612,11277.600000000000364,11597.640000000001237,1590365409.259000062942505,1590365409.401999950408936
45,1590365420,89902f,45.789596557617188,-94.715077469988557,242.558027444910380,123.757474294308096,0.000000000000000,EVA056  ,False,False,False,1612,11277.600000000000364,11597.640000000001237,1590365419.779999971389771,1590365419.779999971389771
46,1590365430,89902f,45.778198242187500,-94.690760170541125,242.558027444910380,123.757474294308096,0.000000000000000,EVA056  ,False,False,False,1612,11277.600000000000364,11605.260000000000218,1590365429.111999988555908,1590365429.111999988555908
47,1590365440,89902f,45.765598103151483,-94.663902282714844,242.558027444910380,123.757474294308096,0.000000000000000,EVA056  ,False,False,False,1612,11277.600000000000364,11605.260000000000218,1590365439.493999958038330,1590365439.493999958038330
48,1590365450,89902f,45.753616333007812,-94.638307152724849,242.558027444910380,123.757474294308096,0.000000000000000,EVA056  ,False,False,False,1612,11277.600000000000364,11605.260000000000218,1590365449.867000102996826,1590365449.867000102996826
49,1590365460,89902f,45.744277954101562,-94.618344190644052,242.558027444910380,123.757474294308096,0.000000000000000,EVA056  ,False,False,False,1612,11277.600000000000364,11605.260000000000218,1590365457.134000062942505,1590365458.752000093460083
50,1590365470,89902f,45.731140136718750,-94.590409441692032,242.704734678175299,124.026899503949110,0.000000000000000,EVA056  ,False,False,False,1612,11277.600000000000364,11605.260000000000218,1590365468.539999961853027,1590365469.585999965667725
51,1590365480,89902f,45.718440686242054,-94.563583374023438,243.131263402749113,123.959059819676270,0.000000000000000,EVA056  ,False,False,False,1612,11277.600000000000364,11605.260000000000218,1590365478.923000097274780,1590365479.953999996185303
52,1590365490,89902f,45.706150895458151,-94.537422180175781,243.271641631600886,123.790881110234793,0.000000000000000,EVA056  ,False,False,False,1612,11277.600000000000364,11605.260000000000218,1590365489.138000011444092,1590365489.138000011444092
53,1590365500,89902f,45.694931806144069,-94.513595581054688,243.131263402749113,123.959059819676270,0.000000000000000,EVA056  ,False,False,False,1612,11277.600000000000364,11605.260000000000218,1590365498.365000009536743,1590365499.401999950408936
54,1590365510,89902f,45.680511474609375,-94.483091773056401,243.845370672690166,123.991797923113282,0.000000000000000,EVA056  ,False,False,False,1612,11277.600000000000364,11605.260000000000218,1590365509.562999963760376,1590365509.562999963760376
55,1590365520,89902f,45.667785644531250,-94.456161871189011,243.845370672690166,123.991797923113282,0.000000000000000,EVA056  ,False,False,False,1612,11277.600000000000364,11605.260000000000218,1590365519.941999912261963,1590365519.941999912261963
56,1590365530,89902f,45.656250000000000,-94.431777581935933,244.133355657462090,124.091901588717732,0.000000000000000,EVA056  ,False,False,False,1612,11277.600000000000364,11605.260000000000218,1590365529.278000116348267,1590365529.437000036239624
57,1590365540,89902f,45.643910553495758,-94.405860900878906,244.559557089276126,124.024344827187463,0.000000000000000,EVA056  ,False,False,False,1612,11277.600000000000364,11605.260000000000218,1590365539.210000038146973,1590365539.907999992370605
58,1590365550,89902f,45.630643165717686,-94.377845764160156,244.559557089276126,124.024344827187463,0.000000000000000,EVA056  ,False,False,False,1612,11277.600000000000364,11612.880000000001019,1590365549.983999967575073,1590365549.983999967575073
59,1590365560,89902f,45.619079589843750,-94.353466499142485,244.559557089276126,124.024344827187463,0.000000000000000,EVA056  ,False,False,False,1612,11277.600000000000364,11612.880000000001019,1590365559.369999885559082,1590365559.421999931335449
60,1590365570,89902f,45.607040405273438,-94.328077362804834,244.559557089276126,124.024344827187463,0.000000000000000,EVA056  ,False,False,False,1612,11277.600000000000364,11612.880000000001019,1590365569.278000116348267,1590365569.786999940872192
61,1590365580,89902f,45.594472076933258,-94.301628112792969,244.847782948983252,124.124118158119202,0.000000000000000,EVA056  ,False,False,False,1612,11277.600000000000364,11612.880000000001019,1590365579.344000101089478,1590365579.920000076293945
62,1590365590,89902f,45.582275390625000,-94.276026283822375,244.422084100235026,124.191769059680212,0.000000000000000,EVA056  ,False,False,False,1612,11277.600000000000364,11612.880000000001019,1590365589.460999965667725,1590365589.970999956130981
63,1590365600,89902f,45.569824218750000,-94.249900259622677,244.422084100235026,124.191769059680212,0.000000000000000,EVA056  ,False,False,False,1612,11277.600000000000364,11612.880000000001019,1590365599.835999965667725,1590365599.835999965667725
64,1590365610,89902f,45.558883666992188,-94.226922756288104,244.422084100235026,124.191769059680212,0.000000000000000,EVA056  ,False,False,False,1462,11277.600000000000364,11612.880000000001019,1590365609.032999992370605,1590365609.174999952316284
65,1590365620,89902f,45.545359466035485,-94.198519078696648,243.996727195326542,124.259655926356686,0.000000000000000,EVA056  ,False,False,False,1462,11277.600000000000364,11620.500000000000000,1590365619.559999942779541,1590365619.559999942779541
66,1590365630,89902f,45.532287597656250,-94.171207972935292,243.996727195326542,124.259655926356686,0.000000000000000,EVA056  ,False,False,False,1462,11277.600000000000364,11620.500000000000000,1590365629.813999891281128,1590365629.924000024795532
67,1590365640,89902f,45.521713256835938,-94.149039132254472,243.996727195326542,124.259655926356686,0.000000000000000,EVA056  ,False,False,False,1462,11277.600000000000364,11620.500000000000000,1590365639.265000104904175,1590365639.476999998092651
68,1590365650,89902f,45.508164228019069,-94.120743914348282,243.707494818483411,124.159694545669439,0.000000000000000,EVA056  ,False,False,False,1462,11277.600000000000364,11620.500000000000000,1590365649.648000001907349,1590365649.709000110626221
69,1590365660,89902f,45.495986938476562,-94.095219203404042,243.707494818483411,124.159694545669439,0.000000000000000,EVA056  ,False,False,False,1462,11277.600000000000364,11620.500000000000000,1590365659.357000112533569,1590365659.907999992370605
70,1590365670,89902f,45.483169555664062,-94.068538120814765,243.571714025699492,124.327779803259361,0.000000000000000,EVA056  ,False,False,False,1462,11277.600000000000364,11620.500000000000000,1590365669.565000057220459,1590365669.857000112533569
71,1590365680,89902f,45.470718383789062,-94.042641775948653,243.571714025699492,124.327779803259361,0.000000000000000,EVA056  ,False,False,False,1462,11277.600000000000364,11620.500000000000000,1590365679.976999998092651,1590365679.976999998092651
72,1590365690,89902f,45.459365844726562,-94.018968854631680,243.281976360945464,124.227724748092172,0.000000000000000,EVA056  ,False,False,False,1462,11277.600000000000364,11620.500000000000000,1590365689.006999969482422,1590365689.724999904632568
73,1590365700,89902f,45.445953369140625,-93.991045270647305,243.571714025699492,124.327779803259361,0.000000000000000,EVA056  ,False,False,False,1462,11277.600000000000364,11620.500000000000000,1590365699.964999914169312,1590365699.986000061035156
74,1590365710,89902f,45.433820304224042,-93.965930473513708,243.862192703184064,124.427596799233015,0.000000000000000,EVA056  ,False,False,False,1462,11277.600000000000364,11620.500000000000000,1590365709.818000078201294,1590365709.818000078201294
75,1590365720,89902f,45.422607421875000,-93.942587716238847,243.571714025699492,124.327779803259361,0.000000000000000,EVA056  ,False,False,False,1462,11277.600000000000364,11620.500000000000000,1590365718.966000080108643,1590365719.871000051498413
76,1590365730,89902f,45.409881591796875,-93.916168212890625,243.571714025699492,124.327779803259361,0.000000000000000,EVA056  ,False,False,False,1462,11277.600000000000364,11620.500000000000000,1590365729.538000106811523,1590365729.538000106811523
77,1590365740,89902f,45.396531961731988,-93.888490258193599,243.571714025699492,124.327779803259361,0.000000000000000,EVA056  ,False,False,False,1462,11277.600000000000364,11620.500000000000000,1590365739.911999940872192,1590365739.937999963760376
78,1590365750,89902f,45.384063720703125,-93.862609863281250,243.862192703184064,124.427596799233015,0.000000000000000,EVA056  ,False,False,False,1462,11277.600000000000364,11620.500000000000000,1590365749.943000078201294,1590365749.943000078201294
79,1590365760,89902f,45.371673066737287,-93.836975097656250,244.153409748565480,124.527175980882362,0.000000000000000,EVA056  ,False,False,False,1462,11277.600000000000364,11628.120000000000800,1590365759.959000110626221,1590365759.959000110626221
80,1590365770,89902f,45.359383275953391,-93.811585961318599,244.153409748565480,124.527175980882362,0.000000000000000,EVA056  ,False,False,False,1462,11277.600000000000364,11628.120000000000800,1590365769.878000020980835,1590365769.878000020980835
81,1590365780,89902f,45.346710205078125,-93.785443987165195,244.153409748565480,124.527175980882362,0.325120000000000,EVA056  ,False,False,False,1462,11277.600000000000364,11628.120000000000800,1590365779.940999984741211,1590365779.963999986648560
82,1590365790,89902f,45.334899902343750,-93.761117117745528,244.577412081460238,124.458867899232786,0.000000000000000,EVA056  ,False,False,False,1462,11277.600000000000364,11628.120000000000800,1590365789.618999958038330,1590365789.980999946594238
83,1590365800,89902f,45.322448730468750,-93.735416957310292,244.577412081460238,124.458867899232786,0.000000000000000,EVA056  ,False,False,False,1462,11277.600000000000364,11628.120000000000800,1590365799.711999893188477,1590365799.785000085830688
84,1590365810,89902f,45.310270665055612,-93.710297375190521,244.577412081460238,124.458867899232786,0.000000000000000,EVA056  ,False,False,False,1462,11277.600000000000364,11628.120000000000800,1590365809.523999929428101,1590365809.651999950408936
85,1590365820,89902f,45.297866821289062,-93.684605189732167,244.577412081460238,124.458867899232786,0.000000000000000,EVA056  ,False,False,False,1462,11277.600000000000364,11635.739999999999782,1590365819.417999982833862,1590365819.822000026702881
86,1590365830,89902f,45.285691083487819,-93.659519102515219,244.153409748565480,124.527175980882362,0.000000000000000,EVA056  ,False,False,False,1462,11277.600000000000364,11635.739999999999782,1590365829.111000061035156,1590365829.957000017166138
87,1590365840,89902f,45.273028874801376,-93.633460068121167,243.729755648537292,124.595721628159723,0.000000000000000,EVA056  ,False,False,False,1462,11277.600000000000364,11635.739999999999782,1590365839.375000000000000,1590365839.957000017166138
88,1590365850,89902f,45.260147094726562,-93.606916155133945,243.438031799983264,124.496051115964434,0.000000000000000,EVA056  ,False,False,False,1462,11277.600000000000364,11635.739999999999782,1590365849.835999965667725,1590365849.938999891281128
89,1590365860,89902f,45.247518248477220,-93.580940060499245,243.014219601554828,124.564744297101100,0.000000000000000,EVA056  ,False,False,False,1462,11277.600000000000364,11635.739999999999782,1590365859.960999965667725,1590365859.989000082015991
90,1590365870,89902f,45.235702514648438,-93.556823730468750,242.883499434523316,124.733529801123467,0.000000000000000,EVA056  ,False,False,False,1462,11277.600000000000364,11635.739999999999782,1590365869.469000101089478,1590365869.881999969482422
91,1590365880,89902f,45.222930908203125,-93.530665806361640,243.306451600443097,124.664505885313346,0.000000000000000,EVA056  ,False,False,False,1462,11277.600000000000364,11635.739999999999782,1590365879.944999933242798,1590365879.967000007629395
92,1590365890,89902f,45.211029052734375,-93.506273542131680,243.306451600443097,124.664505885313346,0.000000000000000,EVA056  ,False,False,False,1462,11277.600000000000364,11635.739999999999782,1590365889.486999988555908,1590365889.684000015258789
93,1590365900,89902f,45.198211669921875,-93.480115618024570,243.176976839223812,124.833141494479818,0.000000000000000,EVA056  ,False,False,False,1462,11277.600000000000364,11635.739999999999782,1590365899.637000083923340,1590365899.875000000000000
94,1590365910,89902f,45.185510667703916,-93.454262338033516,243.599419452311224,124.764027815625553,0.000000000000000,EVA056  ,False,False,False,1462,11277.600000000000364,11635.739999999999782,1590365909.798000097274780,1590365909.969000101089478
95,1590365920,89902f,45.173267429157839,-93.429409120140974,243.471187488431497,124.932512745993421,0.000000000000000,EVA056  ,False,False,False,1462,11277.600000000000364,11635.739999999999782,1590365919.709000110626221,1590365919.959000110626221
96,1590365930,89902f,45.160537719726562,-93.404388427734375,242.106987933639687,126.358559173519012,0.000000000000000,EVA056  ,False,False,False,1462,11277.600000000000364,11635.739999999999782,1590365929.621999979019165,1590365929.961999893188477
97,1590365940,89902f,45.147151623742054,-93.379501714939011,240.986678012948346,127.628251806316456,0.000000000000000,EVA056  ,False,False,False,1462,11277.600000000000364,11643.360000000000582,1590365939.891000032424927,1590365939.920000076293945
98,1590365950,89902f,45.133712768554688,-93.355603899274570,240.309231908848830,129.004613195924549,0.000000000000000,EVA056  ,False,False,False,1462,11277.600000000000364,11643.360000000000582,1590365949.904000043869019,1590365949.938999891281128
99,1590365960,89902f,45.120208740234375,-93.332781110491055,239.105801287012696,130.200163886095311,0.000000000000000,EVA056  ,False,False,False,1462,11277.600000000000364,11643.360000000000582,1590365959.769000053405762,1590365959.990999937057495
100,1590365970,89902f,45.106371863413663,-93.310435225323886,238.304765290169712,131.674626299418463,0.000000000000000,EVA056  ,False,False,False,1462,11277.600000000000364,11643.360000000000582,1590365969.585999965667725,1590365969.918999910354614
101,1590365980,89902f,45.091598510742188,-93.287004743303555,238.304765290169712,131.674626299418463,0.000000000000000,EVA056  ,False,False,False,1462,11277.600000000000364,11643.360000000000582,1590365979.874000072479248,1590365979.924000024795532
102,1590365990,89902f,45.077957153320312,-93.265293666294667,238.348073340389078,131.500030860932100,0.000000000000000,EVA056  ,False,False,False,3670,11277.600000000000364,11643.360000000000582,1590365989.993000030517578,1590365989.993000030517578
103,1590366000,89902f,45.063629150390625,-93.242405482700917,238.348073340389078,131.500030860932100,0.000000000000000,EVA056  ,False,False,False,3670,11277.600000000000364,11643.360000000000582,1590365999.625999927520752,1590365999.976999998092651
104,1590366010,89902f,45.049255371093750,-93.219582693917403,238.689265431007897,131.592518559964873,0.000000000000000,EVA056  ,False,False,False,3670,11277.600000000000364,11643.360000000000582,1590366009.630000114440918,1590366009.871000051498413
105,1590366020,89902f,45.034914178363344,-93.196753525152417,238.689265431007897,131.592518559964873,0.000000000000000,EVA056  ,False,False,False,3670,11277.600000000000364,11643.360000000000582,1590366019.834000110626221,1590366019.960999965667725
106,1590366030,89902f,45.020576089115465,-93.173976991234724,238.348073340389078,131.500030860932100,0.000000000000000,EVA056  ,False,False,False,7041,11277.600000000000364,11643.360000000000582,1590366029.838999986648560,1590366029.996999979019165
107,1590366040,89902f,45.006517313294488,-93.151602396150906,237.963021902740678,131.582106873263768,0.000000000000000,EVA056  ,False,False,False,7041,11277.600000000000364,11643.360000000000582,1590366039.782000064849854,1590366039.996000051498413
108,1590366050,89902f,44.992551641949149,-93.129562750095261,238.304765290169712,131.674626299418463,0.000000000000000,EVA056  ,False,False,False,7041,11277.600000000000364,11643.360000000000582,1590366049.625999927520752,1590366049.927000045776367
109,1590366060,89902f,44.977934239274362,-93.106384277343750,238.304765290169712,131.674626299418463,0.000000000000000,EVA056  ,False,False,False,7041,11277.600000000000364,11643.360000000000582,1590366059.867000102996826,1590366059.992000102996826
110,1590366070,89902f,44.964015120166842,-93.084344631288104,237.578460358575569,131.664448763267643,0.000000000000000,EVA056  ,False,False,False,7041,11277.600000000000364,11650.979999999999563,1590366069.704999923706055,1590366069.996000051498413
111,1590366080,89902f,44.950103759765625,-93.062308175223222,237.578460358575569,131.664448763267643,0.000000000000000,EVA056  ,False,False,False,7041,11277.600000000000364,11650.979999999999563,1590366079.374000072479248,1590366079.990999937057495
112,1590366090,89902f,44.935245837195446,-93.038724573647073,237.578460358575569,131.664448763267643,0.000000000000000,EVA056  ,False,False,False,7041,11277.600000000000364,11650.979999999999563,1590366089.970000028610229,1590366089.970000028610229
113,1590366100,89902f,44.921356201171875,-93.016793387276778,237.578460358575569,131.664448763267643,0.000000000000000,EVA056  ,False,False,False,7041,11277.600000000000364,11650.979999999999563,1590366099.688999891281128,1590366099.986000061035156
114,1590366110,89902f,44.907028198242188,-92.994166782924140,237.194391090675992,131.747057483179589,0.000000000000000,EVA056  ,False,False,False,7041,11277.600000000000364,11650.979999999999563,1590366109.861000061035156,1590366109.940000057220459
115,1590366120,89902f,44.893112182617188,-92.972194126674140,237.194391090675992,131.747057483179589,0.000000000000000,EVA056  ,False,False,False,7041,11277.600000000000364,11650.979999999999563,1590366119.743999958038330,1590366119.798000097274780
116,1590366130,89902f,44.878638316009003,-92.949360172922979,237.578460358575569,131.664448763267643,0.000000000000000,EVA056  ,False,False,False,7041,11277.600000000000364,11650.979999999999563,1590366129.927999973297119,1590366129.948999881744385
117,1590366140,89902f,44.865417480468750,-92.928575788225430,237.194391090675992,131.747057483179589,0.000000000000000,EVA056  ,False,False,False,7041,11277.600000000000364,11650.979999999999563,1590366139.118999958038330,1590366139.983999967575073
118,1590366150,89902f,44.850101794226696,-92.904410013338406,237.537240305168154,131.839638373954358,0.000000000000000,EVA056  ,False,False,False,7041,11277.600000000000364,11650.979999999999563,1590366149.953999996185303,1590366149.953999996185303
119,1590366160,89902f,44.836043018405718,-92.882303377477115,237.537240305168154,131.839638373954358,0.000000000000000,EVA056  ,False,False,False,7041,11277.600000000000364,11650.979999999999563,1590366159.871999979019165,1590366159.911999940872192
120,1590366170,89902f,44.822067260742188,-92.860434395926347,237.537240305168154,131.839638373954358,0.325120000000000,EVA056  ,False,False,False,7041,11277.600000000000364,11650.979999999999563,1590366169.711999893188477,1590366169.983999967575073
121,1590366180,89902f,44.807418823242188,-92.837415422712070,237.920756121171365,131.756999255772911,0.000000000000000,EVA056  ,False,False,False,7041,11277.600000000000364,11650.979999999999563,1590366179.963000059127808,1590366179.983999967575073
122,1590366190,89902f,44.793731689453125,-92.815965924944180,238.263670888884803,131.849283586732270,0.000000000000000,EVA056  ,False,False,False,7041,11277.600000000000364,11650.979999999999563,1590366189.579999923706055,1590366189.766000032424927
123,1590366200,89902f,44.779156183792374,-92.793139946169958,237.880707927255258,131.931952156565103,0.000000000000000,EVA056  ,False,False,False,7041,11277.600000000000364,11650.979999999999563,1590366199.874000072479248,1590366199.917000055313110
124,1590366210,89902f,44.765050855733577,-92.771033310308667,237.880707927255258,131.931952156565103,0.000000000000000,EVA056  ,False,False,False,7041,11277.600000000000364,11650.979999999999563,1590366209.729000091552734,1590366209.901999950408936
125,1590366220,89902f,44.750340348583151,-92.748055806974037,237.880707927255258,131.931952156565103,0.000000000000000,EVA056  ,False,False,False,7041,11277.600000000000364,11650.979999999999563,1590366219.944000005722046,1590366219.994999885559082
126,1590366230,89902f,44.736511230468750,-92.726505824497792,237.498241778240697,132.014887157734535,0.000000000000000,EVA056  ,False,False,False,7041,11277.600000000000364,11650.979999999999563,1590366229.684000015258789,1590366229.990000009536743
127,1590366240,89902f,44.722412109375000,-92.704467773437500,237.880707927255258,131.931952156565103,0.000000000000000,EVA056  ,False,False,False,7041,11277.600000000000364,11650.979999999999563,1590366239.651999950408936,1590366239.957999944686890
128,1590366250,89902f,44.708129882812500,-92.682168143136153,237.880707927255258,131.931952156565103,0.000000000000000,EVA056  ,False,False,False,7041,11277.600000000000364,11650.979999999999563,1590366249.625000000000000,1590366249.917000055313110
129,1590366260,89902f,44.693825931872347,-92.659897222751511,237.498241778240697,132.014887157734535,0.000000000000000,EVA056  ,False,False,False,7041,11277.600000000000364,11650.979999999999563,1590366259.744999885559082,1590366259.933000087738037
130,1590366270,89902f,44.679720603813557,-92.637924566501511,237.498241778240697,132.014887157734535,0.000000000000000,EVA056  ,False,False,False,7041,11277.600000000000364,11650.979999999999563,1590366269.440999984741211,1590366269.869999885559082
131,1590366280,89902f,44.665429066803490,-92.615683951028927,237.154220235649149,131.922544600575634,0.000000000000000,EVA056  ,False,True,True,7041,11277.600000000000364,11650.979999999999563,1590366279.529999971389771,1590366279.845000028610229
132,1590366290,89902f,44.650485798463983,-92.592438488471771,236.771698318486983,132.005718883904706,0.000000000000000,EVA056  ,False,False,False,7041,11277.600000000000364,11650.979999999999563,1590366289.964999914169312,1590366289.964999914169312
133,1590366300,89902f,44.636799440545552,-92.571202720083818,236.771698318486983,132.005718883904706,0.000000000000000,EVA056  ,False,False,False,7041,11277.600000000000364,11658.600000000000364,1590366299.694000005722046,1590366299.694000005722046
134,1590366310,89902f,44.623168945312500,-92.549939836774570,236.771698318486983,132.005718883904706,0.000000000000000,EVA056  ,False,False,False,7041,11277.600000000000364,11658.600000000000364,1590366309.188999891281128,1590366309.974999904632568
135,1590366320,89902f,44.608356023238876,-92.526922458555646,236.771698318486983,132.005718883904706,0.000000000000000,EVA056  ,False,False,False,7041,11277.600000000000364,11658.600000000000364,1590366319.703999996185303,1590366319.911000013351440
136,1590366330,89902f,44.594558715820312,-92.505471365792403,236.771698318486983,132.005718883904706,0.000000000000000,EVA056  ,False,False,False,7041,11277.600000000000364,11658.600000000000364,1590366329.286999940872192,1590366329.671999931335449
137,1590366340,89902f,44.579726396980931,-92.482441227610479,237.116274845902382,132.098089531116386,0.000000000000000,EVA056  ,False,False,False,7041,11277.600000000000364,11658.600000000000364,1590366339.773999929428101,1590366339.933000087738037
138,1590366350,89902f,44.565856933593750,-92.461002894810292,237.116274845902382,132.098089531116386,0.000000000000000,EVA056  ,False,False,False,7041,11277.600000000000364,11658.600000000000364,1590366349.497999906539917,1590366349.686000108718872
139,1590366360,89902f,44.551562293101163,-92.438897853944354,237.461465872323600,132.190191863929726,0.000000000000000,EVA056  ,False,False,False,7041,11277.600000000000364,11658.600000000000364,1590366359.414000034332275,1590366359.956000089645386
140,1590366370,89902f,44.536758681475106,-92.416121320026662,238.188127554427695,132.198770842250099,0.000000000000000,EVA056  ,False,False,False,7041,11277.600000000000364,11658.600000000000364,1590366369.601000070571899,1590366369.822000026702881
141,1590366380,89902f,44.522140502929688,-92.393515450613847,238.188127554427695,132.198770842250099,0.000000000000000,EVA056  ,False,False,False,7041,11277.600000000000364,11658.600000000000364,1590366379.901999950408936,1590366379.963999986648560
142,1590366390,89902f,44.507904052734375,-92.371542794363847,238.188127554427695,132.198770842250099,0.000000000000000,EVA056  ,False,False,False,7041,11277.600000000000364,11658.600000000000364,1590366389.743999958038330,1590366389.990999937057495
143,1590366400,89902f,44.494125366210938,-92.350224086216542,238.569487705575511,132.115781107267992,0.000000000000000,EVA056  ,False,False,False,7041,11277.600000000000364,11658.600000000000364,1590366399.460000038146973,1590366399.894000053405762
144,1590366410,89902f,44.479293823242188,-92.327401297433028,238.188127554427695,132.198770842250099,0.000000000000000,EVA056  ,False,False,False,7041,11277.600000000000364,11658.600000000000364,1590366409.726000070571899,1590366409.914999961853027
145,1590366420,89902f,44.464649265095339,-92.304851252858214,238.188127554427695,132.198770842250099,0.000000000000000,EVA056  ,False,False,False,7041,11277.600000000000364,11666.220000000001164,1590366419.936000108718872,1590366419.936000108718872
146,1590366430,89902f,44.450869802701270,-92.283615484470261,238.188127554427695,132.198770842250099,0.000000000000000,EVA056  ,False,False,False,7041,11277.600000000000364,11666.220000000001164,1590366429.546999931335449,1590366429.717999935150146
147,1590366440,89902f,44.436345504502114,-92.261240889386386,238.188127554427695,132.198770842250099,0.000000000000000,EVA056  ,False,False,False,7041,11277.600000000000364,11666.220000000001164,1590366439.657999992370605,1590366439.874000072479248
148,1590366450,89902f,44.421495340638238,-92.238464355468750,238.533986458609405,132.290313343219850,0.000000000000000,EVA056  ,False,False,False,7041,11277.600000000000364,11666.220000000001164,1590366449.976999998092651,1590366449.976999998092651
149,1590366460,89902f,44.406924490201270,-92.216156750190521,238.533986458609405,132.290313343219850,0.000000000000000,EVA056  ,False,False,False,7041,11277.600000000000364,11666.220000000001164,1590366459.976000070571899,1590366459.976000070571899
150,1590366470,89902f,44.393982968087919,-92.196260777915370,238.533986458609405,132.290313343219850,-2.275840000000000,EVA056  ,False,False,False,7041,11269.980000000001382,11658.600000000002183,1590366468.996000051498413,1590366469.979000091552734
151,1590366480,89902f,44.378434520656775,-92.172412407107458,238.153680729225528,132.373594361709223,-6.177280000000001,EVA056  ,False,False,False,7041,11231.880000000001019,11628.120000000000800,1590366479.907000064849854,1590366479.956000089645386
152,1590366490,89902f,44.364003326933258,-92.150372761051813,238.500699240249389,132.464895917983540,-9.103360000000000,EVA056  ,False,False,False,7041,11148.060000000001310,11544.300000000001091,1590366489.937000036239624,1590366489.954999923706055
153,1590366500,89902f,44.349746704101562,-92.128731863839278,239.575195484091950,132.563351753189863,-8.128000000000000,EVA056  ,False,False,False,7041,11064.239999999999782,11460.479999999999563,1590366499.536000013351440,1590366499.973999977111816
154,1590366510,89902f,44.335094387248411,-92.106360458746167,239.987436765355397,132.306736315774685,-7.152640000000001,EVA056  ,False,False,False,7041,10988.040000000000873,11384.280000000000655,1590366509.724999904632568,1590366509.938999891281128
155,1590366520,89902f,44.320709745762713,-92.084320812690521,240.368144253639485,132.224196551216863,-6.502400000000001,EVA056  ,False,False,False,7041,10927.079999999999927,11315.700000000000728,1590366519.665999889373779,1590366519.926000118255615
156,1590366530,89902f,44.306185447563557,-92.062147187023584,240.334009888180418,132.397437797500203,-6.827520000000001,EVA056  ,False,False,False,7041,10858.500000000000000,11247.120000000000800,1590366529.657999992370605,1590366529.877000093460083
157,1590366540,89902f,44.292359432931669,-92.041045398246922,240.681183555999723,132.487877838288540,-7.152640000000001,EVA056  ,False,False,False,7041,10789.920000000000073,11178.540000000000873,1590366539.089999914169312,1590366539.905999898910522
158,1590366550,89902f,44.276412963867188,-92.016841343471015,240.681183555999723,132.487877838288540,-7.152640000000001,EVA056  ,False,False,False,7041,10713.720000000001164,11109.960000000000946,1590366549.921000003814697,1590366549.944000005722046
159,1590366560,89902f,44.262222290039062,-91.995326450892890,241.060795411966154,132.405289761205069,-7.802880000000000,EVA056  ,False,False,False,7041,10645.140000000001237,11033.760000000002037,1590366559.812999963760376,1590366559.947000026702881
160,1590366570,89902f,44.248168945312500,-91.973942347935292,241.408020162737927,132.495446219719923,-7.152640000000001,EVA056  ,False,False,False,7041,10568.940000000000509,10957.560000000001310,1590366569.404999971389771,1590366569.960000038146973
161,1590366580,89902f,44.233238090903072,-91.951145079077719,241.787585435820347,132.413094520573566,-7.477760000000001,EVA056  ,False,False,False,7041,10500.360000000000582,10881.360000000000582,1590366579.592000007629395,1590366579.891999959945679
162,1590366590,89902f,44.218276977539062,-91.928362165178555,242.514379919284380,132.420852499716574,-7.152640000000001,EVA056  ,False,False,False,7041,10416.540000000000873,10812.780000000000655,1590366589.665999889373779,1590366589.941999912261963
163,1590366600,89902f,44.203262329101562,-91.905604771205390,242.861705899457604,132.510447078000851,-7.477760000000001,EVA056  ,False,False,False,7041,10340.340000000000146,10736.580000000001746,1590366599.835000038146973,1590366599.944999933242798
164,1590366610,89902f,44.188501390360166,-91.883174351283515,243.241178822382864,132.428564117683038,-5.852160000000000,EVA056  ,False,False,False,7041,10279.380000000001019,10652.760000000000218,1590366609.904999971389771,1590366609.997999906539917
165,1590366620,89902f,44.173930539923198,-91.861070905412930,242.861705899457604,132.510447078000851,-5.852160000000000,EVA056  ,False,False,False,7041,10218.420000000000073,10607.040000000000873,1590366619.826999902725220,1590366619.930000066757202
166,1590366630,89902f,44.159359689486230,-91.838902064732167,242.514379919284380,132.420852499716574,-5.852160000000000,EVA056  ,False,False,False,7041,10157.460000000000946,10538.460000000000946,1590366629.647000074386597,1590366629.917999982833862
167,1590366640,89902f,44.144788839049255,-91.816798618861640,242.514379919284380,132.420852499716574,-5.527040000000000,EVA056  ,False,False,False,7041,10096.500000000000000,10477.500000000000000,1590366639.638999938964844,1590366639.753999948501587
168,1590366650,89902f,44.129653930664062,-91.793901310410604,242.482730550332434,132.592586155659916,-5.201920000000000,EVA056  ,False,False,False,7041,10050.780000000000655,10424.159999999999854,1590366649.966000080108643,1590366649.979000091552734
169,1590366660,89902f,44.115507481461862,-91.772526332310292,241.755840918878818,132.585343479149202,-5.852160000000000,EVA056  ,False,False,False,7041,9997.440000000000509,10363.200000000000728,1590366659.571000099182129,1590366659.871000051498413
170,1590366670,89902f,44.100540161132812,-91.749892123909888,241.755840918878818,132.585343479149202,-5.852160000000000,EVA056  ,False,False,False,7041,9936.480000000001382,10302.240000000001601,1590366669.844000101089478,1590366669.928999900817871
171,1590366680,89902f,44.085571289062500,-91.727280727652612,241.377322156952573,132.667976318376930,-6.177280000000001,EVA056  ,False,False,False,7041,9867.899999999999636,10241.280000000000655,1590366679.973999977111816,1590366679.973999977111816
172,1590366690,89902f,44.071289062500000,-91.705819063408399,241.377322156952573,132.667976318376930,-4.226560000000000,EVA056  ,False,False,False,7041,9814.560000000001310,10180.320000000001528,1590366689.742000102996826,1590366689.868999958038330
173,1590366700,89902f,44.056479243908896,-91.683589390346015,240.272335516323579,132.744060036340073,-3.576320000000000,EVA056  ,False,False,False,7041,9784.079999999999927,10149.840000000000146,1590366699.775000095367432,1590366699.996000051498413
174,1590366710,89902f,44.041580200195312,-91.661171136900407,239.923467172816771,132.653837164673263,-4.551680000000000,EVA056  ,False,False,False,7041,9745.980000000001382,10111.740000000001601,1590366709.918999910354614,1590366709.994999885559082
175,1590366720,89902f,44.026885986328125,-91.639006858648258,239.545367413497530,132.737210192860545,-5.852160000000000,EVA056  ,False,False,False,7041,9685.020000000000437,10050.780000000000655,1590366719.971999883651733,1590366719.996000051498413
176,1590366730,89902f,44.012813244835804,-91.617998395647305,239.894785611339671,132.827453820769932,-5.852160000000000,EVA056  ,False,False,False,7041,9631.680000000000291,9989.819999999999709,1590366729.476000070571899,1590366729.973999977111816
177,1590366740,89902f,43.997726440429688,-91.595444790152612,239.894785611339671,132.827453820769932,-6.827520000000001,EVA056  ,False,False,False,7041,9570.720000000001164,9921.240000000001601,1590366739.961999893188477,1590366739.961999893188477
178,1590366750,89902f,43.983206021583683,-91.573726109096015,240.621797919411534,132.834021063661424,-6.177280000000001,EVA056  ,False,False,False,7041,9494.520000000000437,9860.280000000000655,1590366749.849999904632568,1590366749.987999916076660
179,1590366760,89902f,43.968338012695312,-91.551435603651896,241.377322156952573,132.667976318376930,-2.600960000000000,EVA056  ,False,False,False,7041,9456.420000000000073,9806.940000000000509,1590366759.947999954223633,1590366759.977999925613403
180,1590366770,89902f,43.953878111758470,-91.529780796596015,242.453260182600502,132.764363103853697,-0.325120000000000,EVA056  ,False,False,False,7041,9441.180000000000291,9791.700000000000728,1590366769.976000070571899,1590366769.976000070571899
181,1590366780,89902f,43.938748634467686,-91.507284981863847,242.025536595951564,133.191260677507927,0.325120000000000,EVA056  ,False,False,False,7041,9441.180000000000291,9791.700000000000728,1590366779.864000082015991,1590366779.990000009536743
182,1590366790,89902f,43.924072265625000,-91.486156374909115,240.103751553267386,134.305539712450241,0.650240000000000,EVA056  ,False,False,False,3224,9448.800000000001091,9799.320000000001528,1590366789.650000095367432,1590366790.000000000000000
183,1590366800,89902f,43.908908650026483,-91.465105329241055,238.997306038778930,135.261622745694808,0.000000000000000,EVA056  ,False,False,False,3224,9448.800000000001091,9799.320000000001528,1590366799.661999940872192,1590366799.940000057220459
184,1590366810,89902f,43.893173993644069,-91.444048200334805,238.329751664188990,136.311887782504101,0.000000000000000,EVA056  ,False,False,False,3224,9448.800000000001091,9799.320000000001528,1590366809.914000034332275,1590366809.914000034332275
185,1590366820,89902f,43.877951411877646,-91.424560546875000,237.773879766424301,137.542858389951618,0.000000000000000,EVA056  ,False,False,False,2775,9448.800000000001091,9799.320000000001528,1590366819.473000049591064,1590366820.000000000000000
186,1590366830,89902f,43.861937442068324,-91.404549734933028,237.880707927255258,138.068047843434925,0.000000000000000,EVA056  ,False,False,False,1462,9448.800000000001091,9799.320000000001528,1590366829.582999944686890,1590366829.984999895095825
187,1590366840,89902f,43.845783815545552,-91.384408133370528,237.842878441190379,137.893037657057903,0.000000000000000,EVA056  ,False,False,False,1462,9448.800000000001091,9799.320000000001528,1590366839.897000074386597,1590366839.986999988555908
188,1590366850,89902f,43.830551147460938,-91.365434513535604,237.461465872323600,137.809808136070274,0.000000000000000,EVA056  ,False,False,False,1462,9448.800000000001091,9799.320000000001528,1590366849.414999961853027,1590366849.688999891281128
189,1590366860,89902f,43.814117431640625,-91.344867085301587,237.461465872323600,137.809808136070274,0.000000000000000,EVA056  ,False,False,False,1462,9448.800000000001091,9799.320000000001528,1590366859.875999927520752,1590366859.973999977111816
190,1590366870,89902f,43.798300532971396,-91.325095040457597,237.842878441190379,137.893037657057903,0.000000000000000,EVA056  ,False,False,False,1462,9448.800000000001091,9799.320000000001528,1590366869.930999994277954,1590366869.990999937057495
191,1590366880,89902f,43.782426219875525,-91.305280412946445,237.842878441190379,137.893037657057903,0.000000000000000,EVA056  ,False,False,False,1462,9448.800000000001091,9799.320000000001528,1590366879.881999969482422,1590366879.969000101089478
192,1590366890,89902f,43.766555786132812,-91.285528138626432,238.224791282115092,137.976000491894439,0.000000000000000,EVA056  ,False,False,False,1462,9448.800000000001091,9799.320000000001528,1590366889.897000074386597,1590366889.983999967575073
193,1590366900,89902f,43.750946044921875,-91.266110442405477,238.224791282115092,137.976000491894439,-0.325120000000000,EVA056  ,False,False,False,1462,9448.800000000001091,9806.940000000000509,1590366899.835999965667725,1590366899.976000070571899
194,1590366910,89902f,43.735382080078125,-91.246756620185295,237.880707927255258,138.068047843434925,0.000000000000000,EVA056  ,False,False,False,1462,9448.800000000001091,9806.940000000000509,1590366909.631999969482422,1590366909.967999935150146
195,1590366920,89902f,43.718835863016416,-91.226283482142890,238.224791282115092,137.976000491894439,0.000000000000000,EVA056  ,False,False,False,1462,9448.800000000001091,9806.940000000000509,1590366919.855999946594238,1590366919.966000080108643
196,1590366930,89902f,43.703109741210938,-91.206707621729606,238.224791282115092,137.976000491894439,0.000000000000000,EVA056  ,False,False,False,1462,9448.800000000001091,9806.940000000000509,1590366929.792999982833862,1590366929.977999925613403
197,1590366940,89902f,43.687179565429688,-91.186970555505070,238.224791282115092,137.976000491894439,0.000000000000000,EVA056  ,False,False,False,1462,9448.800000000001091,9806.940000000000509,1590366939.851999998092651,1590366939.994999885559082
198,1590366950,89902f,43.671724998344807,-91.167820521763417,238.263670888884803,138.150716413267759,0.000000000000000,EVA056  ,False,False,False,1462,9448.800000000001091,9806.940000000000509,1590366949.665999889373779,1590366949.973999977111816
199,1590366960,89902f,43.655181884765625,-91.147368675054508,237.880707927255258,138.068047843434925,0.000000000000000,EVA056  ,False,False,False,1462,9448.800000000001091,9806.940000000000509,1590366959.812000036239624,1590366959.983000040054321
200,1590366970,89902f,43.639572143554688,-91.128078726834985,238.263670888884803,138.150716413267759,0.000000000000000,EVA056  ,False,False,False,1462,9448.800000000001091,9806.940000000000509,1590366969.772000074386597,1590366969.993999958038330
201,1590366980,89902f,43.623962402343750,-91.108834402901778,237.880707927255258,138.068047843434925,0.000000000000000,EVA056  ,False,False,False,1462,9448.800000000001091,9806.940000000000509,1590366979.543999910354614,1590366979.937000036239624
202,1590366990,89902f,43.607391357421875,-91.088412972383708,238.263670888884803,138.150716413267759,0.000000000000000,EVA056  ,False,False,False,1462,9448.800000000001091,9806.940000000000509,1590366989.954999923706055,1590366989.994999885559082
203,1590367000,89902f,43.591422388109109,-91.068681989397305,238.607201992902958,138.058697574095817,0.000000000000000,EVA056  ,False,False,False,1462,9448.800000000001091,9806.940000000000509,1590366999.865000009536743,1590366999.917000055313110
204,1590367010,89902f,43.575622558593750,-91.049194335937500,238.607201992902958,138.058697574095817,0.000000000000000,EVA056  ,False,False,False,1462,9448.800000000001091,9806.940000000000509,1590367009.799000024795532,1590367009.963000059127808
205,1590367020,89902f,43.559813418630824,-91.029641287667403,238.990108183612847,138.141129835636093,0.000000000000000,EVA056  ,False,False,False,1462,9448.800000000001091,9806.940000000000509,1590367019.845999956130981,1590367019.885999917984009
206,1590367030,89902f,43.543487548828125,-91.009528581486165,238.990108183612847,138.141129835636093,0.000000000000000,EVA056  ,False,False,False,1462,9448.800000000001091,9806.940000000000509,1590367029.823999881744385,1590367029.941999912261963
207,1590367040,89902f,43.527366508871822,-90.989554268973222,239.260709154809803,137.701450229117142,0.000000000000000,EVA056  ,False,False,False,1462,9448.800000000001091,9806.940000000000509,1590367039.934000015258789,1590367039.992000102996826
208,1590367050,89902f,43.512176513671875,-90.969415709029761,239.722624178904283,135.086943453013106,0.000000000000000,EVA056  ,False,False,False,1462,9448.800000000001091,9806.940000000000509,1590367049.881999969482422,1590367049.976999998092651
209,1590367060,89902f,43.497200658765891,-90.947766985212070,240.272335516323579,132.744060036340073,0.000000000000000,EVA056  ,False,False,False,1462,9448.800000000001091,9806.940000000000509,1590367059.927000045776367,1590367059.999000072479248
210,1590367070,89902f,43.483421196371822,-90.925990513392890,241.342233940511449,130.071406589660342,0.000000000000000,EVA056  ,False,False,False,1462,9448.800000000001091,9806.940000000000509,1590367069.615999937057495,1590367069.872999906539917
211,1590367080,89902f,43.469408972788663,-90.901729038783515,242.115732756807290,127.576014723372452,0.000000000000000,EVA056  ,False,False,False,1462,9448.800000000001091,9806.940000000000509,1590367079.971999883651733,1590367079.999000072479248
212,1590367090,89902f,43.456695556640625,-90.877437147983244,243.176976839223812,124.833141494479818,0.325120000000000,EVA056  ,False,False,False,1462,9448.800000000001091,9814.560000000001310,1590367089.967999935150146,1590367089.967999935150146
213,1590367100,89902f,43.445294913599042,-90.853533063616055,243.168814355844859,122.647829701507305,0.000000000000000,EVA056  ,False,False,False,1462,9448.800000000001091,9814.560000000001310,1590367099.582000017166138,1590367099.963000059127808
214,1590367110,89902f,43.433098227290785,-90.827636718750000,243.293398445784987,122.917209459888483,0.000000000000000,EVA056  ,False,False,False,1462,9448.800000000001091,9814.560000000001310,1590367109.720999956130981,1590367109.874000072479248
215,1590367120,89902f,43.421356201171875,-90.802704567132992,242.582030236470473,122.881239665274819,0.000000000000000,EVA056  ,False,False,False,1462,9448.800000000001091,9814.560000000001310,1590367119.716000080108643,1590367119.857000112533569
216,1590367130,89902f,43.409774780273438,-90.778049202852458,242.735809956141878,122.713338161808679,0.000000000000000,EVA056  ,False,False,False,1462,9448.800000000001091,9814.560000000001310,1590367129.453999996185303,1590367129.993000030517578
217,1590367140,89902f,43.397415161132812,-90.751605366551587,243.168814355844859,122.647829701507305,0.000000000000000,EVA056  ,False,False,False,1462,9448.800000000001091,9814.560000000001310,1590367139.875000000000000,1590367139.905999898910522
218,1590367150,89902f,43.385708049192267,-90.726667131696445,243.014219601554828,122.815390754858484,0.000000000000000,EVA056  ,False,False,False,1462,9448.800000000001091,9814.560000000001310,1590367149.891000032424927,1590367149.971999883651733
219,1590367160,89902f,43.373657226562500,-90.701017157975969,243.014219601554828,122.815390754858484,0.000000000000000,EVA056  ,False,False,False,1462,9448.800000000001091,9814.560000000001310,1590367159.997999906539917,1590367159.997999906539917
220,1590367170,89902f,43.362152616856463,-90.676574707031250,243.725412231598483,122.851488949848715,0.000000000000000,EVA056  ,False,False,False,1462,9448.800000000001091,9814.560000000001310,1590367169.809999942779541,1590367169.997999906539917
221,1590367180,89902f,43.350036621093750,-90.650812193404761,243.725412231598483,122.851488949848715,0.000000000000000,EVA056  ,False,False,False,1462,9448.800000000001091,9814.560000000001310,1590367179.901999950408936,1590367179.982000112533569
222,1590367190,89902f,43.338134765625000,-90.625581963117725,244.436701043212906,122.887377074014992,0.000000000000000,EVA056  ,False,False,False,1462,9448.800000000001091,9814.560000000001310,1590367189.966000080108643,1590367189.966000080108643
223,1590367200,89902f,43.326447050450213,-90.600782121930820,244.436701043212906,122.887377074014992,0.325120000000000,EVA056  ,False,False,False,1462,9448.800000000001091,9814.560000000001310,1590367199.825999975204468,1590367199.964999914169312
224,1590367210,89902f,43.314331054687500,-90.575313124545744,244.716420017440498,122.988521613634546,0.000000000000000,EVA056  ,False,False,False,1462,9448.800000000001091,9814.560000000001310,1590367209.842000007629395,1590367209.970000028610229
225,1590367220,89902f,43.302841186523438,-90.550977130268848,245.428071726429863,123.023867555796642,0.000000000000000,EVA056  ,False,False,False,1462,9448.800000000001091,35509.200000000004366,1590367219.447999954223633,1590367219.733999967575073
226,1590367230,89902f,43.290555275092686,-90.525185721261153,245.428071726429863,123.023867555796642,0.000000000000000,EVA056  ,False,False,False,1462,9448.800000000001091,9814.560000000001310,1590367229.907000064849854,1590367229.986000061035156
227,1590367240,89902f,43.278451693260060,-90.499616350446445,245.428071726429863,123.023867555796642,0.000000000000000,EVA056  ,False,False,False,1462,9448.800000000001091,9814.560000000001310,1590367239.763999938964844,1590367239.993999958038330
228,1590367250,89902f,43.266767081567792,-90.475093296596015,245.428071726429863,123.023867555796642,0.000000000000000,EVA056  ,False,False,False,1462,9448.800000000001091,9814.560000000001310,1590367249.575999975204468,1590367249.913000106811523
229,1590367260,89902f,43.254197977356988,-90.448804582868320,245.708816307297894,123.124448123966474,0.000000000000000,EVA056  ,False,False,False,1462,9448.800000000001091,9814.560000000001310,1590367259.910000085830688,1590367259.997999906539917
230,1590367270,89902f,43.242094395524362,-90.423496791294667,245.990316346338290,123.224798801211946,0.000000000000000,EVA056  ,False,False,False,1462,9448.800000000001091,9814.560000000001310,1590367269.812999963760376,1590367269.963999986648560
231,1590367280,89902f,43.230363231594275,-90.398973737444180,245.990316346338290,123.224798801211946,0.000000000000000,EVA056  ,False,False,False,1462,9448.800000000001091,9814.560000000001310,1590367279.637000083923340,1590367279.994999885559082
232,1590367290,89902f,43.218026888572560,-90.373142787388417,245.990316346338290,123.224798801211946,0.000000000000000,EVA056  ,False,False,False,1462,9448.800000000001091,9814.560000000001310,1590367289.823999881744385,1590367289.950999975204468
233,1590367300,89902f,43.206161499023438,-90.348368799963623,245.708816307297894,123.124448123966474,0.000000000000000,EVA056  ,False,False,False,1462,9448.800000000001091,9822.180000000000291,1590367299.631000041961670,1590367299.918999910354614
234,1590367310,89902f,43.194238695047666,-90.323377336774570,245.278137958632186,123.190117042971735,0.000000000000000,EVA056  ,False,False,False,1462,9448.800000000001091,9822.180000000000291,1590367309.503999948501587,1590367309.990000009536743
235,1590367320,89902f,43.181576486361230,-90.296957833426347,244.847782948983252,123.256016893840368,0.000000000000000,EVA056  ,False,False,False,2022,9448.800000000001091,9822.180000000000291,1590367319.917999982833862,1590367319.937000036239624
236,1590367330,89902f,43.169705665717686,-90.272107805524570,244.135523746728467,123.221263895024023,-0.325120000000000,EVA056  ,False,False,False,2022,9448.800000000001091,9822.180000000000291,1590367329.892999887466431,1590367329.999000072479248
237,1590367340,89902f,43.157927949549787,-90.247519356863847,243.854053155915039,123.120145860043536,0.000000000000000,EVA056  ,False,False,False,2022,9448.800000000001091,9822.180000000000291,1590367339.831000089645386,1590367339.944999933242798
238,1590367350,89902f,43.146103681144069,-90.222800118582597,243.423354889507237,123.186307533827687,0.000000000000000,EVA056  ,False,False,False,2022,9448.800000000001091,9822.180000000000291,1590367349.700000047683716,1590367349.964999914169312
239,1590367360,89902f,43.133743286132812,-90.197115166242725,242.992982359607311,123.252703658459055,0.000000000000000,EVA056  ,False,False,False,2022,9448.800000000001091,9822.180000000000291,1590367359.911999940872192,1590367359.982000112533569
240,1590367370,89902f,43.121896517478810,-90.172446114676347,242.562937300050265,123.319335303074851,0.325120000000000,EVA056  ,False,False,False,2022,9448.800000000001091,9822.180000000000291,1590367369.808000087738037,1590367369.990000009536743
241,1590367380,89902f,43.110072249073092,-90.147792271205390,242.562937300050265,123.319335303074851,0.000000000000000,EVA056  ,False,False,False,2022,9448.800000000001091,9822.180000000000291,1590367379.634000062942505,1590367379.897000074386597
242,1590367390,89902f,43.097829010527008,-90.122419084821445,242.845904363548385,123.420759147284315,0.000000000000000,EVA056  ,False,False,False,2022,9448.800000000001091,9822.180000000000291,1590367389.842000007629395,1590367389.982000112533569
243,1590367400,89902f,43.085818533170020,-90.097503662109375,242.845904363548385,123.420759147284315,0.000000000000000,EVA056  ,False,False,False,1462,9448.800000000001091,9822.180000000000291,1590367399.914999961853027,1590367399.993000030517578
244,1590367410,89902f,43.074279785156250,-90.073646722837907,243.275449214543642,123.354025751516772,-0.975360000000000,EVA056  ,False,False,False,1462,9448.800000000001091,9822.180000000000291,1590367409.496000051498413,1590367409.986999988555908
245,1590367420,89902f,43.061920166015625,-90.047969374545744,242.992982359607311,123.252703658459055,-4.876800000000000,EVA056  ,False,False,False,1462,9418.319999999999709,9799.319999999999709,1590367419.858000040054321,1590367419.984999895095825
246,1590367430,89902f,43.049835205078125,-90.022930766260856,241.703836582347861,123.453309454072695,-7.802880000000000,EVA056  ,False,False,False,1462,9349.739999999999782,9738.360000000000582,1590367429.766999959945679,1590367429.921999931335449
247,1590367440,89902f,43.038102489406775,-89.998626708984375,239.565805566123203,123.348822129660363,-10.403840000000001,EVA056  ,False,False,False,1462,9258.300000000001091,9639.300000000001091,1590367439.825000047683716,1590367439.989000082015991
248,1590367450,89902f,43.026535034179688,-89.974705895712191,238.423565996815825,123.381475647205363,-12.029440000000001,EVA056  ,False,False,False,1462,9151.620000000000800,9532.619999999998981,1590367449.582999944686890,1590367449.996999979019165
249,1590367460,89902f,43.014547057070970,-89.949907575334805,237.281404612796791,123.414443532978780,-11.704320000000001,EVA056  ,False,False,False,1462,9037.319999999999709,9410.700000000000728,1590367459.697999954223633,1590367459.937999963760376
250,1590367470,89902f,43.003097534179688,-89.926161655159888,235.856163955880646,123.343454818399366,-11.379200000000001,EVA056  ,False,False,False,1462,8923.020000000000437,9296.400000000001455,1590367469.680999994277954,1590367470.000000000000000
251,1590367480,89902f,42.991333007812500,-89.901889534883708,234.997320960608903,123.481340655120533,-11.054080000000001,EVA056  ,False,False,False,1462,8816.340000000000146,9174.479999999999563,1590367479.694000005722046,1590367479.982000112533569
252,1590367490,89902f,42.979586326469807,-89.877711704799140,234.139848941560388,123.620237238174695,-10.728960000000001,EVA056  ,False,False,False,1462,8702.040000000000873,9060.180000000000291,1590367489.809000015258789,1590367489.933000087738037
253,1590367500,89902f,42.968215942382812,-89.854431152343750,232.713563952491910,123.549550874498010,-10.728960000000001,EVA056  ,False,False,False,1462,8595.360000000000582,8945.880000000001019,1590367499.607000112533569,1590367499.990999937057495
254,1590367510,89902f,42.956451416015625,-89.830222906068286,231.716907883545844,123.407824589708937,-11.054080000000001,EVA056  ,False,False,False,1462,8488.680000000000291,8839.200000000000728,1590367509.819999933242798,1590367509.980000019073486
255,1590367520,89902f,42.944998013771183,-89.806627546037930,231.287637530912036,123.477992814610531,-11.054080000000001,EVA056  ,False,False,False,1462,8374.380000000001019,8732.520000000000437,1590367519.923000097274780,1590367519.960000038146973
256,1590367530,89902f,42.933778924457094,-89.783608572823653,229.716959933990182,123.583305327468196,-10.728960000000001,EVA056  ,False,False,False,1462,8267.700000000000728,8610.600000000000364,1590367529.486999988555908,1590367529.971999883651733
257,1590367540,89902f,42.921936035156250,-89.759322765261629,229.288562248242982,123.654413654095819,-11.054080000000001,EVA056  ,False,False,False,1462,8161.020000000000437,8496.300000000001091,1590367539.971999883651733,1590367539.971999883651733
258,1590367550,89902f,42.910766601562500,-89.736519747002149,228.147069103639978,123.690067525979799,-10.728960000000001,EVA056  ,False,False,False,1462,8054.340000000000146,8382.000000000000000,1590367549.763999938964844,1590367549.974999904632568
259,1590367560,89902f,42.899780273437500,-89.714036098746362,227.005665192715185,123.726079953363879,-10.403840000000001,EVA056  ,False,False,False,1462,7947.660000000000764,8267.700000000000728,1590367559.551000118255615,1590367559.948999881744385
260,1590367570,89902f,42.888107299804688,-89.690083348473820,226.152414398828398,123.400879927364073,-10.728960000000001,EVA056  ,False,False,False,1462,7840.980000000000473,8161.020000000000437,1590367569.926000118255615,1590367569.982000112533569
261,1590367580,89902f,42.876846313476562,-89.666833212209269,225.010301696370362,123.435744239661702,-10.403840000000001,EVA056  ,False,False,False,1462,7734.300000000000182,8039.100000000000364,1590367579.914000034332275,1590367579.996000051498413
262,1590367590,89902f,42.865719552767480,-89.643990652901778,224.297584000000001,123.398488467987264,-10.403840000000001,EVA056  ,False,False,False,1462,7627.620000000000800,7924.800000000001091,1590367589.920000076293945,1590367589.920000076293945
263,1590367600,89902f,42.854644775390625,-89.621163301689649,223.439321899104385,123.543718471298106,-10.078720000000001,EVA056  ,False,False,False,1462,7520.940000000000509,7825.740000000000691,1590367599.960000038146973,1590367599.963000059127808
264,1590367610,89902f,42.843653792041842,-89.598737444196445,222.154646437814620,123.763665147046609,-10.403840000000001,EVA056  ,False,False,False,1462,7414.260000000000218,7711.440000000000509,1590367609.875000000000000,1590367609.983999967575073
265,1590367620,89902f,42.832809448242188,-89.576706997183862,221.441103658430507,123.726984904577790,-10.078720000000001,EVA056  ,False,False,False,7233,7315.200000000000728,7604.760000000001128,1590367619.759000062942505,1590367619.976999998092651
266,1590367630,89902f,42.821308717889302,-89.553418840680820,220.586124756426045,123.875370177169827,-10.403840000000001,EVA056  ,False,False,False,1462,7208.520000000000437,7498.079999999999927,1590367629.976999998092651,1590367629.976999998092651
267,1590367640,89902f,42.810607910156250,-89.531803574672949,219.445192240765579,123.913586988340370,-10.403840000000001,EVA056  ,False,False,False,1462,7109.460000000000036,7406.640000000000327,1590367639.805000066757202,1590367639.934000015258789
268,1590367650,89902f,42.799804687500000,-89.509797529740752,218.872798001865988,123.690067525979799,-10.403840000000001,EVA056  ,False,False,False,1462,7002.780000000000655,7292.340000000000146,1590367649.739000082015991,1590367649.989000082015991
269,1590367660,89902f,42.789047241210938,-89.487824873490752,217.731396000904169,123.727613902986079,-10.403840000000001,EVA056  ,False,False,False,1462,6903.720000000000255,7170.420000000000073,1590367659.572999954223633,1590367659.979000091552734
270,1590367670,89902f,42.778106689453125,-89.465540105646312,216.590088485440191,123.765555992857912,-10.078720000000001,EVA056  ,False,False,False,1462,6797.039999999999964,7063.739999999999782,1590367669.619999885559082,1590367670.000000000000000
271,1590367680,89902f,42.767303466796875,-89.443629871715189,215.735512514414182,123.917430536970357,-10.403840000000001,EVA056  ,False,False,False,1462,6697.980000000000473,6972.300000000000182,1590367679.701999902725220,1590367679.980000019073486
272,1590367690,89902f,42.756637573242188,-89.422094171697438,215.021591950206101,123.880165632398814,-10.403840000000001,EVA056  ,False,False,False,1462,6598.920000000000073,6858.000000000000000,1590367689.640000104904175,1590367689.954999923706055
273,1590367700,89902f,42.745894092624468,-89.400350881177303,214.307762949132211,123.842652463564036,-10.403840000000001,EVA056  ,False,False,False,1462,6492.240000000000691,6743.700000000000728,1590367699.677999973297119,1590367699.980999946594238
274,1590367710,89902f,42.735093973450738,-89.378442098928019,213.594026429201648,123.804888573700040,-10.078720000000001,EVA056  ,False,False,False,1462,6385.560000000000400,6637.020000000000437,1590367709.647000074386597,1590367709.904000043869019
275,1590367720,89902f,42.724227905273438,-89.356425892223001,212.880383320615266,123.766871473962340,-10.078720000000001,EVA056  ,False,False,False,1462,6286.500000000000000,6530.340000000000146,1590367719.921000003814697,1590367719.999000072479248
276,1590367730,89902f,42.713633391816735,-89.334943904433146,211.739175966055200,123.805894415729185,-10.078720000000001,EVA056  ,False,False,False,1462,6179.820000000000618,6423.660000000000764,1590367729.914999961853027,1590367729.999000072479248
277,1590367740,89902f,42.703399658203125,-89.314165982333122,210.598067895048416,123.845340261071698,-10.403840000000001,EVA056  ,False,False,False,1462,6080.760000000000218,6316.980000000000473,1590367739.628000020980835,1590367739.960999965667725
278,1590367750,89902f,42.692733764648438,-89.292692704634248,210.170994825508899,123.923450265831704,-10.078720000000001,EVA056  ,False,False,False,1462,5981.700000000000728,6217.920000000000982,1590367749.700999975204468,1590367749.956000089645386
279,1590367760,89902f,42.682342529296875,-89.271718805486501,209.170678271988038,123.768233615975561,-10.078720000000001,EVA056  ,False,False,False,1462,5882.640000000000327,6111.240000000000691,1590367759.553999900817871,1590367759.778000116348267
280,1590367770,89902f,42.671905517578125,-89.250557639382123,208.029475240764498,123.807959910041930,-10.078720000000001,EVA056  ,False,False,False,1462,5775.960000000000036,6004.560000000000400,1590367769.674000024795532,1590367769.862999916076660
281,1590367780,89902f,42.661541437698624,-89.229615677234733,207.175355788051235,123.966284708820424,-10.078720000000001,EVA056  ,False,False,False,1462,5676.900000000000546,5897.880000000001019,1590367779.632999897003174,1590367779.943000078201294
282,1590367790,89902f,42.650711059570312,-89.207923195578815,206.322831368456320,124.125919128750226,-10.078720000000001,EVA056  ,False,False,False,152,5577.840000000000146,5791.199999999999818,1590367789.983999967575073,1590367789.990000009536743
283,1590367800,89902f,42.640825691869701,-89.188161450763062,205.897173489048413,124.206231755744625,-8.128000000000000,EVA056  ,False,False,False,1462,5478.780000000000655,5692.140000000000327,1590367799.500999927520752,1590367799.984999895095825
284,1590367810,89902f,42.630111694335938,-89.166724465110065,204.179835940399386,124.010376024224826,-9.103360000000000,EVA056  ,False,False,False,1462,5394.960000000000036,5608.319999999999709,1590367809.914000034332275,1590367809.994999885559082
285,1590367820,89902f,42.619949340820312,-89.146374789151309,203.327767791863522,124.172546896174609,-10.403840000000001,EVA056  ,False,False,False,1462,5295.900000000000546,5501.640000000000327,1590367819.724999904632568,1590367819.960000038146973
286,1590367830,89902f,42.609915005958683,-89.126331418059578,203.039257387616374,124.052439374221649,-10.078720000000001,EVA056  ,False,False,False,1462,5196.840000000000146,5394.960000000000036,1590367829.572000026702881,1590367829.908999919891357
287,1590367840,89902f,42.599670410156250,-89.105613014914752,202.464924682955996,123.811200071748189,-10.078720000000001,EVA056  ,False,False,False,1462,5097.780000000000655,5303.520000000000437,1590367839.796000003814697,1590367839.855000019073486
288,1590367850,89902f,42.590103149414062,-89.086199673739372,202.179110018672816,123.690067525979799,-10.078720000000001,EVA056  ,False,False,False,1462,4998.720000000000255,5196.840000000000146,1590367849.262000083923340,1590367849.845999956130981
289,1590367860,89902f,42.579345703125000,-89.064351862127126,201.465755073765934,123.649489785233470,-10.078720000000001,EVA056  ,False,False,False,1462,4899.659999999999854,5090.159999999999854,1590367859.828999996185303,1590367859.895999908447266
290,1590367870,89902f,42.569368006819381,-89.044189453125000,201.037711899720705,123.730731663590149,-9.753600000000000,EVA056  ,False,False,False,1462,4800.600000000000364,4998.720000000000255,1590367869.822999954223633,1590367869.973000049591064
291,1590367880,89902f,42.559685141353285,-89.024516260901123,199.896416201238992,123.771860160657923,-9.753600000000000,EVA056  ,False,False,False,1462,4701.539999999999964,4884.420000000000073,1590367879.548000097274780,1590367879.719000101089478
292,1590367890,89902f,42.549536753509003,-89.004204328670028,198.903637163606192,124.142176918908675,-9.753600000000000,EVA056  ,False,False,False,1462,4602.480000000000473,4777.740000000000691,1590367889.582000017166138,1590367889.980999946594238
293,1590367900,89902f,42.539199829101562,-88.983702226118623,198.052922528636202,124.309234123479612,-9.753600000000000,EVA056  ,False,False,False,1462,4503.420000000000073,4693.920000000000073,1590367899.913000106811523,1590367899.913000106811523
294,1590367910,89902f,42.529678344726562,-88.964850685813190,196.913143289049231,124.354336655039674,-9.753600000000000,EVA056  ,False,False,False,1462,4404.360000000000582,4587.240000000000691,1590367909.273999929428101,1590367909.992000102996826
295,1590367920,89902f,42.519184694451802,-88.944162767986882,196.198177636366438,124.315087599997284,-9.753600000000000,EVA056  ,False,False,False,1462,4305.300000000000182,4488.180000000000291,1590367919.894999980926514,1590367919.897000074386597
296,1590367930,89902f,42.509490966796875,-88.924900401722311,195.483304724995151,124.275551462528824,-10.078720000000001,EVA056  ,False,False,False,1462,4213.860000000000582,4381.500000000000909,1590367929.703999996185303,1590367929.963999986648560
297,1590367940,89902f,42.499557495117188,-88.905112526633502,194.768525576120680,124.235725119395497,-9.428480000000000,EVA056  ,False,False,False,1462,4114.800000000000182,4274.820000000000618,1590367939.723000049591064,1590367939.940999984741211
298,1590367950,89902f,42.489715576171875,-88.885574340820312,193.628548273624773,124.281159976677841,-9.753600000000000,EVA056  ,False,False,False,1462,4015.740000000000236,4183.380000000000109,1590367949.770999908447266,1590367949.984999895095825
299,1590367960,89902f,42.480239868164062,-88.866722800514935,193.339252725427997,124.155189097891252,-10.078720000000001,EVA056  ,False,False,False,1462,3924.300000000000182,4076.700000000000273,1590367959.457000017166138,1590367959.766000032424927
300,1590367970,89902f,42.470584158170020,-88.847585278888062,192.624761141622713,124.114472945341262,-9.753600000000000,EVA056  ,False,False,False,1462,3817.620000000000346,3962.400000000000546,1590367969.506999969482422,1590367969.940999984741211
301,1590367980,89902f,42.460693359375000,-88.827833695845186,191.910367556898905,124.073453637119457,-9.753600000000000,EVA056  ,False,False,False,1462,3726.180000000000291,3870.960000000000491,1590367979.788000106811523,1590367979.977999925613403
302,1590367990,89902f,42.450942993164062,-88.808357932350873,191.484460214522670,124.159694545669439,-8.453120000000000,EVA056  ,False,False,False,1462,3627.120000000000346,3764.280000000000200,1590367989.786000013351440,1590367989.892999887466431
303,1590368000,89902f,42.441329956054688,-88.789194280450999,189.919041099928450,124.292705642449590,-4.876800000000000,EVA056  ,False,False,False,1462,3558.539999999999964,3695.699999999999818,1590367999.778000116348267,1590367999.864000082015991
304,1590368010,89902f,42.431619935116522,-88.769978368005070,186.209541945388253,124.304711313480823,-2.600960000000000,EVA056  ,False,False,False,1462,3520.440000000000055,3649.980000000000018,1590368009.920000076293945,1590368009.920000076293945
305,1590368020,89902f,42.422821562168963,-88.752413017805225,182.210516505253338,124.183597664646925,-2.275840000000000,EVA056  ,False,False,False,1462,3497.580000000000382,3627.120000000000346,1590368019.394000053405762,1590368019.753000020980835
306,1590368030,89902f,42.413360595703125,-88.733700838955997,178.500948547058385,124.193854362471285,-2.600960000000000,EVA056  ,False,False,False,1462,3467.100000000000364,3596.640000000000327,1590368029.753000020980835,1590368029.913000106811523
307,1590368040,89902f,42.404573084944381,-88.716196459393132,174.791386551849627,124.204546412268201,-2.600960000000000,EVA056  ,False,False,False,1462,3444.240000000000236,3573.780000000000200,1590368039.801000118255615,1590368039.986000061035156
308,1590368050,89902f,42.395774711996822,-88.698694983194002,171.081830907512739,124.215702132437386,-2.926080000000000,EVA056  ,False,False,False,1462,3413.760000000000218,3543.300000000000182,1590368049.796999931335449,1590368049.980999946594238
309,1590368060,89902f,42.387954711914062,-88.681078824129997,168.590135413344569,119.224419190200905,-2.275840000000000,EVA056  ,False,False,False,1462,3390.900000000000091,3520.440000000000055,1590368059.831000089645386,1590368060.000000000000000
310,1590368070,89902f,42.382088354078391,-88.663244912790674,165.075612853589718,111.768252210242437,-1.300480000000000,EVA056  ,False,False,False,1462,3368.039999999999964,3497.579999999999927,1590368069.490999937057495,1590368069.930999994277954
311,1590368080,89902f,42.377609252929688,-88.644062389026999,161.618950592017285,105.319100563132636,0.650240000000000,EVA056  ,False,False,False,1462,3375.660000000000309,3497.580000000000382,1590368079.736999988555908,1590368079.966000080108643
312,1590368090,89902f,42.374686548265359,-88.624792764353174,160.540326050526488,100.337690133562489,-0.325120000000000,EVA056  ,False,False,False,1462,3375.660000000000309,3497.580000000000382,1590368089.982000112533569,1590368089.982000112533569
313,1590368100,89902f,42.372172727423198,-88.605949934138778,159.022287806467773,100.437475351118195,-1.950720000000000,EVA056  ,False,False,False,1462,3368.039999999999964,3489.960000000000036,1590368099.677000045776367,1590368099.911999940872192
314,1590368110,89902f,42.369519249867579,-88.586915481922233,157.599648617671733,100.723056410263140,-7.802880000000000,EVA056  ,False,False,False,1462,3314.700000000000273,3436.620000000000346,1590368109.836999893188477,1590368109.943000078201294
315,1590368120,89902f,42.366912324549787,-88.568072651707837,157.917549977373142,100.321541042743789,-7.477760000000001,EVA056  ,False,False,False,1462,3238.500000000000000,3360.420000000000073,1590368119.825000047683716,1590368119.918999910354614
316,1590368130,89902f,42.364538160421077,-88.549740813499227,157.736449887027590,99.953855710688998,-6.827520000000001,EVA056  ,False,False,False,1462,3169.920000000000073,3284.220000000000255,1590368129.568000078201294,1590368129.964999914169312
317,1590368140,89902f,42.362136840820312,-88.531077991832376,157.648339975096121,99.769700050531242,-5.852160000000000,EVA056  ,False,False,False,1462,3101.340000000000146,3215.640000000000327,1590368139.598000049591064,1590368139.982000112533569
318,1590368150,89902f,42.359091548596396,-88.512949389080632,155.117449318758815,106.571839597539977,-5.201920000000000,EVA056  ,False,False,False,1462,3040.380000000000109,3154.680000000000291,1590368149.092999935150146,1590368149.923000097274780
319,1590368160,89902f,42.352667339777540,-88.495447912881502,151.433649875562338,122.232336855317115,-4.876800000000000,EVA056  ,False,False,False,1462,2994.660000000000309,3101.340000000000146,1590368159.579999923706055,1590368159.969000101089478
320,1590368170,89902f,42.343505859375000,-88.482138893821002,148.153619944476674,137.110682769092904,-5.852160000000000,EVA056  ,False,False,False,1462,2941.320000000000164,3055.620000000000346,1590368169.719000101089478,1590368169.904999971389771
321,1590368180,89902f,42.332565307617188,-88.472713123668314,146.861823891359165,151.549718221222065,-6.502400000000001,EVA056  ,False,False,False,1462,2880.360000000000127,2979.420000000000073,1590368179.471999883651733,1590368179.790999889373779
322,1590368190,89902f,42.320173877780718,-88.464724518531966,146.380789263369877,155.056094736575432,-6.827520000000001,EVA056  ,False,False,False,1462,2811.780000000000200,2910.840000000000146,1590368189.904999971389771,1590368189.999000072479248
323,1590368200,89902f,42.308074951171875,-88.457232388583122,146.417848034867944,155.506063453099671,-6.827520000000001,EVA056  ,False,False,False,1462,2735.579999999999927,2842.260000000000218,1590368199.993000030517578,1590368199.993000030517578
324,1590368210,89902f,42.296292579780186,-88.449969624364087,146.631882263943226,155.323136829662957,-6.827520000000001,EVA056  ,False,False,False,1462,2674.620000000000346,2766.060000000000400,1590368209.822999954223633,1590368209.928999900817871
325,1590368220,89902f,42.284468311374468,-88.442560240279761,146.598488222044381,154.873786744525717,-5.527040000000000,EVA056  ,False,False,False,1462,2613.660000000000309,2705.100000000000364,1590368219.766999959945679,1590368219.880000114440918
326,1590368230,89902f,42.272644042968750,-88.435150856195492,146.380789263369877,155.056094736575432,-5.201920000000000,EVA056  ,False,False,False,1462,2552.700000000000273,2636.520000000000437,1590368229.598999977111816,1590368229.813999891281128
327,1590368240,89902f,42.260726670087394,-88.427677598110449,145.697588802967346,155.154211156845548,-5.201920000000000,EVA056  ,False,False,False,1462,2506.980000000000018,2590.800000000000182,1590368239.581000089645386,1590368239.796999931335449
328,1590368250,89902f,42.248703002929688,-88.420215953480124,146.164576717491997,155.238943939122606,-5.201920000000000,EVA056  ,False,False,False,1462,2453.640000000000327,2537.460000000000491,1590368249.864000082015991,1590368249.864000082015991
329,1590368260,89902f,42.236663818359375,-88.412787697531940,145.697588802967346,155.154211156845548,-5.201920000000000,EVA056  ,False,False,False,1462,2400.300000000000182,2476.500000000000000,1590368259.739000082015991,1590368259.963000059127808
330,1590368270,89902f,42.225067655918963,-88.405577193859017,144.547779013231690,155.167891237648575,-5.201920000000000,EVA056  ,False,False,False,1462,2346.960000000000036,2423.159999999999854,1590368269.565999984741211,1590368269.961999893188477
331,1590368280,89902f,42.213196835275419,-88.398103935773975,143.614669677076819,154.995505521817449,-5.201920000000000,EVA056  ,False,False,False,1462,2293.619999999999891,2369.819999999999709,1590368279.707000017166138,1590368279.894999980926514
332,1590368290,89902f,42.201326014631881,-88.390630677688932,143.148607288866799,154.908470290326164,-4.876800000000000,EVA056  ,False,False,False,1462,2247.900000000000091,2324.099999999999909,1590368289.848000049591064,1590368289.950999975204468
333,1590368300,89902f,42.189548298463983,-88.383285167605379,142.464768025079962,155.008104678914606,-4.876800000000000,EVA056  ,False,False,False,1462,2194.559999999999945,2263.139999999999873,1590368299.940999984741211,1590368299.940999984741211
334,1590368310,89902f,42.178189552436436,-88.376195153524691,142.248184754151282,155.195914862014774,-5.201920000000000,EVA056  ,False,False,False,1462,2148.840000000000146,2217.420000000000073,1590368309.825000047683716,1590368309.931999921798706
335,1590368320,89902f,42.166830806408896,-88.369105139444002,141.314873374019442,155.020908878090466,-5.201920000000000,EVA056  ,False,False,False,1462,2095.500000000000000,2156.460000000000036,1590368319.703000068664551,1590368319.915999889373779
336,1590368330,89902f,42.155518612619169,-88.362015125363371,140.164985896199568,155.033923164462919,-5.201920000000000,EVA056  ,False,False,False,1462,2042.160000000000082,2103.119999999999891,1590368329.483999967575073,1590368329.974999904632568
337,1590368340,89902f,42.144241333007812,-88.354922207919060,139.698781401692173,154.944866852708060,-5.201920000000000,EVA056  ,False,False,False,1462,1996.440000000000055,2057.400000000000091,1590368339.486999988555908,1590368339.799999952316284
338,1590368350,89902f,42.132522583007812,-88.347618796608685,139.015105769624398,155.047152749989721,-5.201920000000000,EVA056  ,False,False,False,1462,1943.100000000000136,1996.440000000000055,1590368349.746000051498413,1590368349.969000101089478
339,1590368360,89902f,42.121444702148438,-88.340627496892751,138.548852382444352,154.957401822183016,-4.876800000000000,EVA056  ,False,False,False,1462,1889.759999999999991,1950.720000000000027,1590368359.415999889373779,1590368359.901000022888184
340,1590368370,89902f,42.109804315082094,-88.333335699037036,139.015105769624398,155.047152749989721,-4.876800000000000,EVA056  ,False,False,False,1462,1844.040000000000191,1897.380000000000109,1590368369.838000059127808,1590368369.951999902725220
341,1590368380,89902f,42.098739624023438,-88.326395208185374,137.865233178235513,155.060603020421127,-5.201920000000000,EVA056  ,False,False,False,1462,1790.700000000000045,1836.420000000000073,1590368379.506999969482422,1590368379.931999921798706
342,1590368390,89902f,42.087066650390625,-88.319154219193877,137.182065710510017,155.164832444735111,-4.876800000000000,EVA056  ,False,False,False,1462,1737.360000000000127,1790.700000000000045,1590368389.973000049591064,1590368389.973000049591064
